4.17000007629394531,2.11439990997314453,0,0,0,0,0,30.7999992370605469,1,1,0,0,2.46099996566772461,1.39300000667572021,8.72299957275390625,1,0.989000022411346436,1.14400005340576172,0,0,0,1.10399997234344482,1,0,0,0,2.21399998664855957,-0.203999996185302734,0,0,1.54200005531311035,0,0,0,0,3.31500005722045898,1.96700000762939453,0,7.25699996948242188,0,0
5.28000020980834961,2.02839994430541992,1,0,3,0,4,54.5,0,3,5,-0.647000014781951904,4.44000005722045898,0.635999977588653564,11.1269998550415039,10,1.02199995517730713,1.09200000762939453,0,0,0,1.32700002193450928,6,1,0,0,2.55100011825561523,0,1,25.2399997711181641,2.58500003814697266,1,2,4,1,6.88100004196166992,2.52500009536743164,1,11.6639995574951172,0,1
5.43900012969970703,2.3629000186920166,2,0,2,0,0,23.5,0,11,7,-0.944999992847442627,4.38100004196166992,1.87100005149841309,11.5089998245239258,12,1.0549999475479126,1.15499997138977051,0,0,0,1.15400004386901855,2,0,0,0,2.46600008010864258,0,0,35.38800048828125,5.53299999237060547,0,0,4,5,4.6100001335144043,3.18199992179870605,4,9.99300003051757812,0,0
5.64599990844726562,4.43389987945556641,3,0,0,2,0,26.7000007629394531,3,1,0,0,3.46499991416931152,0.81099998950958252,10.505000114440918,0,1.04799997806549072,1.14100003242492676,0,0,1,1.2640000581741333,0,0,1,0,2.30299997329711914,-0.0799999982118606567,0,0,1.41100001335144043,0,0,0,1,4.26000022888183594,3.10400009155273438,0,8.98600006103515625,0,3
4.23600006103515625,3.42860007286071777,0,0,0,0,0,28.6000003814697266,2,4,0,-0.275000005960464478,3.31299996376037598,2.52200007438659668,9.38300037384033203,1,1.0140000581741333,1.14900004863739014,0,0,0,1.11899995803833008,0,0,0,0,1.98000001907348633,-0.00800000037997961044,0,10.2760000228881836,4.74599981307983398,0,0,0,0,3.35100007057189941,2.5559999942779541,0,7.90399980545043945,0,0
5.34999990463256836,2.01880002021789551,4,0,0,0,12,53.2999992370605469,0,7,0,-5.13500022888183594,4.69999980926513672,0.898999989032745361,11.5240001678466797,18,1.06200003623962402,1.09200000762939453,0,0,0,1.29700005054473877,6,0,1,0,2.52200007438659668,0,0,49.6389999389648438,5.02699995040893555,0,4,0,2,4.17999982833862305,2.93199992179870605,0,10.0939998626708984,2,4
4.86299991607666016,2.43969988822937012,1,0,0,0,3,54.5,0,0,0,0,4.04300022125244141,0.569000005722045898,10.1350002288818359,0,0.984000027179718018,1.08700001239776611,0,0,0,1.38100004196166992,2,1,0,0,2.29999995231628418,0.00100000004749745131,1,0,2.24099993705749512,0,1,0,0,6.87900018692016602,1.98099994659423828,0,11.6120004653930664,0,1
5.51000022888183594,2.44409990310668945,0,0,0,1,3,46.9000015258789062,2,1,0,0,3.67400002479553223,0.703000009059906006,10.7170000076293945,2,0.981000006198883057,1.11000001430511475,0,0,0,1.29100000858306885,2,0,0,0,2.41199994087219238,0,0,0,2.58899998664855957,0,1,0,1,3.76699995994567871,2.14100003242492676,0,8.69999980926513672,0,0
4.78299999237060547,3.12569999694824219,0,0,1,0,2,40,1,0,3,0,3.07999992370605469,1.18700003623962402,9.66800022125244141,0,0.976000010967254639,1.12899994850158691,0,0,0,1.27300000190734863,1,0,0,0,2.2219998836517334,-0.0240000002086162567,0,0,1.35800004005432129,0,1,2,1,3.65000009536743164,1.98099994659423828,1,8.00500011444091797,0,0
4.82800006866455078,2.24670004844665527,0,0,0,0,2,50,0,4,0,-1.41700005531311035,3.83800005912780762,0.583999991416931152,10.4239997863769531,10,1.02600002288818359,1.10399997234344482,0,0,0,1.24800002574920654,2,0,0,0,2.2650001049041748,0,0,22.9619998931884766,4.40100002288818359,0,0,0,0,3.71499991416931152,2.64800000190734863,0,8.88000011444091797,0,0
5.11399984359741211,2.41930007934570312,0,0,0,0,4,47.0999984741210938,3,0,0,0,3.66000008583068848,0.703000009059906006,10.4969997406005859,0,0.968999981880187988,1.11000001430511475,0,0,0,1.32400000095367432,2,0,0,0,2.37400007247924805,0,0,0,2.70600008964538574,0,0,0,0,3.77099990844726562,1.875,0,8.68200016021728516,0,0
4.17000007629394531,2.60700011253356934,0,0,0,0,0,25,3,0,2,0,2.37299990653991699,0.971000015735626221,8.5970001220703125,0,0.970000028610229492,1.16100001335144043,0,0,0,1.13300001621246338,0,0,0,0,1.84800004959106445,0.321999996900558472,0,0,1.54200005531311035,0,0,1,2,2.98300004005432129,2.16700005531311035,1,6.63500022888183594,0,0
4.52299976348876953,4.02409982681274414,0,0,0,0,0,31.6000003814697266,2,3,0,-0.912999987602233887,3.0820000171661377,1.83700001239776611,9.45400047302246094,6,1.02100002765655518,1.14199995994567871,0,0,0,1.12100005149841309,0,0,0,0,2.07399988174438477,0.0480000004172325134,0,20.6760005950927734,2.56999993324279785,0,0,0,0,3.49399995803833008,3.09299993515014648,0,7.91200017929077148,0,0
4.73199987411499023,2.94260001182556152,0,0,0,0,0,40,0,2,0,0.416999995708465576,2.76699995994567871,0.958999991416931152,9.46399974822998047,1,1.04200005531311035,1.125,0,0,0,1.20799994468688965,1,0,0,0,2.23600006103515625,0.144999995827674866,0,9.82699966430664062,1.1380000114440918,0,0,0,0,3.60299992561340332,3.0559999942779541,0,7.82899999618530273,0,0
5.01800012588500977,2.67549991607666016,0,0,0,0,4,50,0,4,0,-1.99199998378753662,3.74600005149841309,1.125,10.5679998397827148,8,1.03499996662139893,1.10399997234344482,0,0,0,1.25399994850158691,3,0,0,0,2.39599990844726562,0,0,21.4510002136230469,2.15799999237060547,0,0,0,2,3.91899991035461426,3,0,8.91499996185302734,0,0
4.49900007247924805,3.17490005493164062,0,0,1,0,0,50,0,0,4,0,3.05900001525878906,1.125,9.31099987030029297,0,1.00699996948242188,1.11800003051757812,0,0,0,1.31500005722045898,1,0,0,0,2.13599991798400879,0.0469999983906745911,0,0,1.48099994659423828,0,0,3,0,3.6530001163482666,2.64599990844726562,2,8.12600040435791016,0,0
5.26000022888183594,2.49160003662109375,5,0,0,0,6,37.5,1,2,0,-0.416000008583068848,4.38700008392333984,2.92899990081787109,10.814000129699707,5,1.0130000114440918,1.1239999532699585,0,0,0,1.28100001811981201,1,0,1,0,2.43799996376037598,0,0,11.9729995727539062,6.97100019454956055,0,6,0,0,4.29500007629394531,2.38899993896484375,0,9.72500038146972656,0,5
4.41099977493286133,3.58660006523132324,0,0,0,0,0,31.7999992370605469,2,4,0,-0.328000009059906006,3.69899988174438477,2.94799995422363281,9.95600032806396484,8,0.995000004768371582,1.14199995994567871,0,0,0,1.16400003433227539,0,0,0,0,2.07999992370605469,0,0,22.4699993133544922,6.13100004196166992,0,0,0,0,3.39299988746643066,2.40700006484985352,0,8.32499980926513672,0,0
4,2.98480010032653809,1,0,0,0,0,22.2000007629394531,1,0,0,0.5,2.59400010108947754,0.81099998950958252,8.31799983978271484,0,0.994000017642974854,1.1390000581741333,0,0,0,1.34399998188018799,0,0,0,0,1.73199999332427979,-0.589999973773956299,0,0,1,0,0,1,2,3.83999991416931152,2.83299994468688965,1,8.08500003814697266,0,0
5.30999994277954102,3.43160009384155273,1,0,2,0,1,35.2999992370605469,0,2,2,0,3.41499996185302734,1.18499994277954102,10.25,4,1.02799999713897705,1.12300002574920654,0,0,0,1.26100003719329834,1,0,0,0,2.28800010681152344,0.0140000004321336746,0,21.2210006713867188,1.72599995136260986,0,1,1,2,4.72499990463256836,3.05800008773803711,1,9.46300029754638672,0,0
3.97799992561340332,2.96440005302429199,0,0,1,0,0,32.7999992370605469,1,1,1,0,3.79900002479553223,3.44000005722045898,9.76200008392333984,1,0.971000015735626221,1.14100003242492676,0,0,0,1.2070000171661377,0,0,0,0,1.98000001907348633,0,0,9.87399959564208984,8.52700042724609375,0,0,1,0,3.35899996757507324,1.90499997138977051,1,8.25199985504150391,0,0
3.61800003051757812,3.20479989051818848,1,0,0,0,0,44.4000015258789062,0,0,0,0,2.81599998474121094,0,8.41199970245361328,0,0.982999980449676514,1.08299994468688965,0,0,0,1.47599995136260986,1,0,0,0,2,-0.214000001549720764,0,0,0.578999996185302734,0,0,0,0,4.03399991989135742,1.96700000762939453,0,8.41499996185302734,0,0
4.49900007247924805,3.06450009346008301,0,0,2,0,1,53.7999992370605469,0,0,2,0,3.04699993133544922,1.125,9.31099987030029297,0,0.990000009536743164,1.10199999809265137,0,0,0,1.33700001239776611,1,0,0,0,2.13599991798400879,0.0460000000894069672,0,0,1.48099994659423828,0,0,1,0,3.63599991798400879,2.52099990844726562,1,8.09399986267089844,0,0
5.36499977111816406,3.10680007934570312,0,0,0,1,1,39.0999984741210938,2,2,0,0,3.28699994087219238,1.45500004291534424,10.3149995803833008,5,0.998000025749206543,1.12699997425079346,0,0,0,1.21700000762939453,1,0,0,0,2.31500005722045898,-0.00800000037997961044,0,0,1.89699995517730713,0,0,0,1,3.65700006484985352,2.40199995040893555,0,8.19600009918212891,0,0
5.11499977111816406,1.93589997291564941,0,0,6,0,4,53.2999992370605469,0,2,6,0.35499998927116394,3.96199989318847656,0.547999978065490723,10.9469995498657227,6,1.0130000114440918,1.10300004482269287,0,0,0,1.29999995231628418,6,0,0,0,2.52900004386901855,0,0,24.7360000610351562,2.58299994468688965,0,2,8,2,3.94499993324279785,2.41700005531311035,2,9.12300014495849609,0,0
4.4439997673034668,3.14019989967346191,0,0,0,0,0,29.6000003814697266,3,1,0,0,2.94600009918212891,1.89100003242492676,9.20199966430664062,2,0.972999989986419678,1.14600002765655518,0,0,0,1.15999996662139893,0,0,0,0,2.04200005531311035,0.0379999987781047821,0,0,2.60199999809265137,0,0,0,1,3.09599995613098145,2.09299993515014648,0,7.19700002670288086,0,0
5.07499980926513672,2.92030000686645508,0,0,0,0,2,36.4000015258789062,4,4,0,-0.888000011444091797,4.15899991989135742,2.6809999942779541,10.7939996719360352,14,0.986000001430511475,1.13199996948242188,0,0,0,1.21000003814697266,1,0,0,0,2.35700011253356934,0,0,25.1399993896484375,5.82800006866455078,0,0,0,0,3.79500007629394531,2.19000005722045898,0,8.94099998474121094,2,0
4.51700019836425781,2.89800000190734863,0,0,0,0,1,42.0999984741210938,1,1,0,0,3.08599996566772461,1.40900003910064697,9.39099979400634766,2,0.986999988555908203,1.12000000476837158,0,0,0,1.25199997425079346,1,0,0,0,2.14899992942810059,-0.0250000003725290298,0,0,2.03600001335144043,0,1,0,0,3.57399988174438477,2.07399988174438477,0,7.92799997329711914,0,0
5.38600015640258789,4.12160015106201172,0,0,9,1,4,33.2999992370605469,3,4,8,0,4.09100008010864258,1.70799994468688965,11.0590000152587891,8,1.05700004100799561,1.17100000381469727,0,2,1,1.14199995994567871,1,0,0,0,2.47900009155273438,0,0,44.71099853515625,2.1679999828338623,0,3,8,0,4.00400018692016602,3.47499990463256836,3,9.25699996948242188,0,3
4.81300020217895508,3.43989992141723633,0,0,1,0,2,38.9000015258789062,0,3,2,0,3.36999988555908203,1.27300000190734863,9.94699954986572266,6,1.04100000858306885,1.13199996948242188,0,1,0,1.20899999141693115,1,0,0,0,2.25900006294250488,-0.00800000037997961044,0,20.4379997253417969,1.86000001430511475,0,2,2,0,3.83899998664855957,2.9849998950958252,1,8.54899978637695312,0,0
5.28599977493286133,3.48390007019042969,0,0,6,0,0,36.4000015258789062,0,3,12,-1.9859999418258667,3.80500006675720215,1.62199997901916504,10.616999626159668,12,1.01800000667572021,1.13999998569488525,0,0,0,1.22399997711181641,1,0,0,0,2.45799994468688965,0,0,35.8139991760253906,1.61500000953674316,0,0,3,0,3.78900003433227539,2.86100006103515625,3,8.75899982452392578,0,0
5.04699993133544922,2.73769998550415039,0,0,0,0,3,50,0,5,0,-2.68499994277954102,3.63400006294250488,1.05999994277954102,10.5310001373291016,12,1.07799994945526123,1.10399997234344482,0,0,0,1.21099996566772461,3,0,0,0,2.45399999618530273,-0.00100000004749745131,0,32.5330009460449219,1.75,0,0,0,1,3.90599989891052246,3.32100009918212891,0,8.79599952697753906,2,0
4.86899995803833008,1.76699995994567871,0,1,9,0,5,44.4000015258789062,0,4,14,-0.39100000262260437,4.43499994277954102,1.07299995422363281,11.0719995498657227,9,1.01600003242492676,1.12300002574920654,0,1,0,1.26100003719329834,3,0,0,0,2.31399989128112793,0,0,33.5400009155273438,6.46500015258789062,0,4,13,0,3.84800004959106445,2.57599997520446777,5,9.53699970245361328,1,0
4.30299997329711914,3.14129996299743652,0,0,0,0,0,23.5,2,1,0,0,2.58699989318847656,1.45899999141693115,8.81499958038330078,2,0.990999996662139893,1.16400003433227539,0,0,0,1.07200002670288086,0,0,0,0,1.93200004100799561,-0.222000002861022949,0,0,1.74500000476837158,0,0,2,1,3.12800002098083496,2.5,1,6.9590001106262207,0,0
4.65899991989135742,3.71760010719299316,2,0,0,0,0,23.1000003814697266,0,4,0,-2.1380000114440918,3.71399998664855957,2.12800002098083496,10.0939998626708984,4,1.04200005531311035,1.14400005340576172,0,0,0,1.17400002479553223,0,0,0,0,2.125,-0.00200000009499490261,0,20.5380001068115234,4.55999994277954102,0,0,4,6,4.06099987030029297,3.33299994468688965,2,8.99199962615966797,0,0
4.65500020980834961,4.00260019302368164,0,0,0,0,0,31.7999992370605469,2,3,0,-0.109999999403953552,3.17600011825561523,1.76100003719329834,9.72299957275390625,6,1.0130000114440918,1.14199995994567871,0,0,0,1.16100001335144043,0,0,0,0,2.10700011253356934,-0.0270000007003545761,0,10.6140003204345703,2.98900008201599121,0,0,0,1,3.53099989891052246,2.96700000762939453,0,8.00100040435791016,0,0
3.61800003051757812,2.39109992980957031,0,0,0,0,0,25,2,0,0,0,2.35899996757507324,1.52199995517730713,7.85300016403198242,0,0.970000028610229492,1.16100001335144043,0,0,0,1.12899994850158691,0,0,0,0,1.73199999332427979,0.330000013113021851,0,0,2.09400010108947754,0,0,2,1,2.84800004959106445,1.89999997615814209,1,6.43200016021728516,0,0
4.65000009536743164,4.03130006790161133,0,0,1,0,0,31.2999992370605469,3,2,0,0.158999994397163391,3.3900001049041748,2.13400006294250488,9.9160003662109375,5,0.990999996662139893,1.14499998092651367,0,0,0,1.18400001525878906,0,0,0,0,2.12199997901916504,0.00400000018998980522,0,10.9610004425048828,3.93600010871887207,0,0,3,0,3.52699995040893555,2.37199997901916504,1,8.13099956512451172,0,0
4.92299985885620117,3.03130006790161133,0,0,0,0,2,41.7000007629394531,3,0,0,0,3.16400003433227539,1.18499994277954102,9.91100025177001953,0,0.966000020503997803,1.12100005149841309,0,0,0,1.29900002479553223,1,0,0,0,2.26699995994567871,0.0120000001043081284,0,0,1.56299996376037598,0,0,0,0,3.66899991035461426,1.86699998378753662,0,8.08699989318847656,0,0
5.69700002670288086,2.64969992637634277,0,0,6,1,1,41.4000015258789062,1,3,6,-1.90299999713897705,3.76799988746643066,0.972000002861022949,10.8640003204345703,10,1.02100002765655518,1.12800002098083496,0,0,0,1.23500001430511475,2,0,0,0,2.51099991798400879,0,0,35.0069999694824219,1.8609999418258667,0,0,2,2,3.81999993324279785,2.78900003433227539,2,8.805999755859375,0,0
5.28299999237060547,4.95830011367797852,0,0,0,4,0,29.6000003814697266,10,4,0,0,3.78099989891052246,2.16100001335144043,11.2189998626708984,14,0.987999975681304932,1.14600002765655518,0,0,0,1.16400003433227539,0,0,0,0,2.29800009727478027,0,0,0,5.0130000114440918,0,0,0,0,3.48000001907348633,2.09999990463256836,0,8.55300045013427734,0,0
3.96600008010864258,2.85599994659423828,0,0,0,0,0,31.3999996185302734,2,1,0,0,3.55299997329711914,3.14599990844726562,9.52200031280517578,1,0.96799999475479126,1.14300000667572021,0,0,0,1.18700003623962402,0,0,0,0,1.97000002861022949,0,0,0,6.90899991989135742,0,0,0,1,2.98799991607666016,1.79400002956390381,0,7.75299978256225586,0,0
4.79300022125244141,2.12439990043640137,0,0,0,0,2,50,0,2,0,-0.287999987602233887,3.69899988174438477,0.5,10.2390003204345703,7,0.998000025749206543,1.10399997234344482,0,0,0,1.27999997138977051,2,0,0,0,2.24699997901916504,0,0,11.5959997177124023,3.92799997329711914,0,0,0,0,3.6809999942779541,2.31299996376037598,0,8.69999980926513672,1,0
4.88000011444091797,2.42370009422302246,2,0,0,0,4,54.5,0,0,0,0,4.42600011825561523,0.672999978065490723,10.2889995574951172,0,0.994000017642974854,1.08000004291534424,0,0,0,1.42499995231628418,2,1,0,0,2.31599998474121094,-0.00100000004749745131,1,0,2.38000011444091797,0,2,0,0,6.88100004196166992,2.01200008392333984,0,12.2840003967285156,0,2
5.02699995040893555,3.41359996795654297,0,0,0,0,4,40.9000015258789062,3,1,0,0,3.19300007820129395,0.861000001430511475,10.0839996337890625,4,0.982999980449676514,1.12300002574920654,0,0,0,1.26900005340576172,1,0,0,0,2.31800007820129395,0.0130000002682209015,0,0,0.984000027179718018,0,1,0,1,3.78399991989135742,2.26699995994567871,0,8.24199962615966797,0,0
4,2.1902000904083252,0,0,0,0,0,25,0,0,0,0,2.60500001907348633,0,8.62300014495849609,0,0.984000027179718018,1.16600000858306885,0,0,0,1.10699999332427979,1,0,0,0,2,0.120999999344348907,0,0,0.666999995708465576,0,0,4,2,3.06100010871887207,1.83299994468688965,2,6.88299989700317383,0,0
4.73199987411499023,3.28959989547729492,1,0,0,0,2,46.2000007629394531,0,1,0,0,3.79600000381469727,0.875,9.57900047302246094,2,1.01600003242492676,1.10000002384185791,0,0,0,1.35099995136260986,1,1,0,0,2.1940000057220459,0.0450000017881393433,1,0,0.853999972343444824,0,2,0,1,6.88000011444091797,2.50999999046325684,0,11.5930004119873047,0,1
5.64499998092651367,2.6482999324798584,0,0,0,1,2,48.2999992370605469,0,3,0,-1.28299999237060547,3.76799988746643066,0.921999990940093994,10.7790002822875977,8,1.00999999046325684,1.10800004005432129,0,0,0,1.25300002098083496,2,0,0,0,2.46099996566772461,0,0,11.3719997406005859,2.16300010681152344,0,0,0,2,3.81500005722045898,2.66199994087219238,0,8.81000041961669922,0,0
4.90999984741210938,2.74140000343322754,0,0,0,0,2,52.9000015258789062,0,2,0,-0.301999986171722412,3.36400008201599121,0.629000008106231689,10.0600004196166992,5,1.01800000667572021,1.09800004959106445,0,0,0,1.27900004386901855,3,0,0,0,2.33299994468688965,0.00400000018998980522,0,10.7170000076293945,1.2070000171661377,0,1,0,0,3.76699995994567871,2.5,0,8.42700004577636719,0,0
4.82100009918212891,1.70459997653961182,0,0,0,0,0,36.4000015258789062,0,2,0,0,3.18300008773803711,0,10.0810003280639648,4,0.998000025749206543,1.13199996948242188,0,0,0,1.14699995517730713,4,0,0,0,2.4869999885559082,0.00400000018998980522,0,0,1.66900002956390381,1,0,0,0,3.55200004577636719,1.83299994468688965,0,8.15999984741210938,0,0
4.56199979782104492,2.9309999942779541,0,1,0,0,0,33.2999992370605469,0,2,2,-0.602999985218048096,3.05200004577636719,0.875,9.53999996185302734,2,1.06200003623962402,1.15299999713897705,1,0,0,1.16600000858306885,1,0,0,0,2.17000007629394531,0.0500000007450580597,0,20.3920001983642578,1.13999998569488525,0,0,4,2,3.58699989318847656,3.29200005531311035,2,8.02600002288818359,0,0
4.54400014877319336,3.99359989166259766,0,0,0,0,0,30.3999996185302734,2,4,0,-1.07200002670288086,3.27200007438659668,2.18700003623962402,9.59000015258789062,6,1.02699995040893555,1.14499998092651367,0,0,0,1.14199995994567871,0,0,0,0,2.10100007057189941,0.0149999996647238731,0,21.2099990844726562,3.2070000171661377,0,0,0,0,3.48600006103515625,2.9849998950958252,0,8.05099964141845703,0,0
5.27099990844726562,5.4310002326965332,1,0,0,0,0,30,6,4,0,0,4.18699979782104492,2.82599997520446777,10.8529996871948242,15,0.977999985218048096,1.14199995994567871,0,0,0,1.1940000057220459,0,0,0,0,2.29800009727478027,0,0,13.4289999008178711,3.8469998836517334,0,0,0,0,4.4159998893737793,1.95899999141693115,0,9.31700038909912109,0,0
4.7369999885559082,4.18510007858276367,2,0,4,0,0,24.1000003814697266,0,2,2,-0.804000020027160645,3.69300007820129395,2.07399988174438477,10.0710000991821289,2,1.0140000581741333,1.14600002765655518,0,0,0,1.23300004005432129,0,0,0,0,2.17499995231628418,-0.00200000009499490261,0,21.0650005340576172,3.25500011444091797,0,0,2,4,3.85599994659423828,2.80999994277954102,3,8.93799972534179688,0,0
5.51599979400634766,2.70569992065429688,1,0,2,0,4,41.4000015258789062,0,2,4,0,3.87199997901916504,0.731999993324279785,10.805999755859375,8,1.01199996471405029,1.11800003051757812,0,0,0,1.28999996185302734,2,0,0,0,2.42600011825561523,0,0,24.4540004730224609,2.67600011825561523,0,4,4,4,4.73799991607666016,2.6809999942779541,2,9.66399955749511719,0,0
4.7369999885559082,4.18510007858276367,2,0,4,0,0,24.1000003814697266,0,2,2,-0.804000020027160645,3.69300007820129395,2.07399988174438477,10.0710000991821289,2,1.0140000581741333,1.14600002765655518,0,0,0,1.23300004005432129,0,0,0,0,2.17499995231628418,-0.00200000009499490261,0,21.0650005340576172,3.25500011444091797,0,0,2,4,3.85599994659423828,2.80999994277954102,3,8.93799972534179688,0,0
4.76800012588500977,2.80800008773803711,1,0,2,0,0,33.2999992370605469,1,1,3,1.1799999475479126,3.42300009727478027,1.45500004291534424,9.92099952697753906,2,1.00699996948242188,1.13300001621246338,0,0,0,1.27799999713897705,1,0,0,0,2.26200008392333984,-0.00800000037997961044,0,10.8439998626708984,1.9450000524520874,0,0,3,2,3.90400004386901855,2.5150001049041748,2,8.64400005340576172,0,0
5,3.1240999698638916,0,0,0,1,0,25,3,0,0,0,2.3880000114440918,0.722000002861022949,9.65699958801269531,0,0.970000028610229492,1.16100001335144043,0,0,0,1.17599999904632568,0,0,0,0,2,0.324999988079071045,0,0,0.800000011920928955,0,0,3,2,3.22399997711181641,2.25,1,7.03000020980834961,0,0
4.65000009536743164,4.03130006790161133,0,0,1,0,0,31.2999992370605469,3,2,0,0.158999994397163391,3.3900001049041748,2.13400006294250488,9.9160003662109375,5,0.990999996662139893,1.14499998092651367,0,0,0,1.18400001525878906,0,0,0,0,2.12199997901916504,0.00400000018998980522,0,10.9610004425048828,3.93600010871887207,0,0,3,0,3.52699995040893555,2.37199997901916504,1,8.13099956512451172,0,0
4.41400003433227539,2.37170004844665527,0,0,0,0,0,29.3999996185302734,1,2,0,0,2.78900003433227539,1.20299994945526123,9.2089996337890625,1,1.00399994850158691,1.14699995517730713,0,0,0,1.14100003242492676,1,0,0,0,2.15199995040893555,-0.0740000009536743164,0,0,1.49600005149841309,0,0,0,1,3.23799991607666016,2.40499997138977051,0,7.24300003051757812,0,0
4.64400005340576172,3.12199997901916504,0,0,0,0,0,33.2999992370605469,2,2,0,0.238000005483627319,3.93899989128112793,3.4179999828338623,10.1949996948242188,6,0.972999989986419678,1.1380000114440918,0,0,0,1.21000003814697266,0,0,0,0,2.09400010108947754,0,0,11.180999755859375,9.52000045776367188,0,0,0,0,3.52500009536743164,1.9309999942779541,0,8.4589996337890625,0,0
4.88000011444091797,2.44289994239807129,0,0,0,0,4,50,0,2,0,0,3.57800006866455078,0.672999978065490723,10.2889995574951172,4,1.00300002098083496,1.10399997234344482,0,0,0,1.27699995040893555,2,0,0,0,2.31599998474121094,-0.00100000004749745131,0,0,2.38000011444091797,0,2,0,2,3.76699995994567871,2.47600007057189941,0,8.63399982452392578,0,0
4.82100009918212891,2.58660006523132324,0,0,0,0,0,33.2999992370605469,2,2,0,-0.13500000536441803,3.23200011253356934,1.45500004291534424,9.92800045013427734,4,0.990000009536743164,1.1390000581741333,0,0,0,1.18900001049041748,1,0,0,0,2.24900007247924805,-0.00700000021606683731,0,10.6350002288818359,2.2090001106262207,1,0,0,0,3.43400001525878906,2.25799989700317383,0,7.92999982833862305,0,0
5.08599996566772461,2.4663999080657959,1,0,0,1,0,30.7999992370605469,2,1,0,0,2.92899990081787109,1.38999998569488525,9.81200027465820312,0,1.0140000581741333,1.13999998569488525,0,0,0,1.16900002956390381,1,0,1,0,2.38000011444091797,0.126000002026557922,0,0,1.37199997901916504,1,0,0,0,3.69899988174438477,2.30999994277954102,0,8.194000244140625,0,1
4.73199987411499023,3.37059998512268066,0,0,1,0,1,42.9000015258789062,0,2,2,0,3.19300007820129395,1.18700003623962402,9.64200019836425781,4,1.03699994087219238,1.125,0,1,0,1.24100005626678467,1,0,0,0,2.1940000057220459,-0.0270000007003545761,0,20.01300048828125,1.65900003910064697,0,1,2,0,3.81299996376037598,3.07399988174438477,1,8.40499973297119141,0,0
4,2.43050003051757812,1,0,0,0,0,27.2999992370605469,2,0,0,0,3.49399995803833008,0.81099998950958252,8.31799983978271484,0,0.978999972343444824,1.13699996471405029,0,0,0,1.38600003719329834,0,1,0,0,1.73199999332427979,-0.47999998927116394,0,0,1,0,0,0,0,6.87400007247924805,2.02099990844726562,0,11.569000244140625,0,1
4.3470001220703125,3.12689995765686035,0,0,0,0,0,33.2999992370605469,1,2,0,-0.0759999975562095642,3.80900001525878906,3.30900001525878906,9.93299961090087891,3,0.97500002384185791,1.1380000114440918,0,0,0,1.20200002193450928,0,0,0,0,2.01900005340576172,0,0,10.9139995574951172,8.39500045776367188,0,0,0,0,3.35800004005432129,1.96000003814697266,0,8.29800033569335938,0,0
4.60699987411499023,3.11989998817443848,0,0,1,0,2,38.9000015258789062,0,1,2,0,3.10500001907348633,1.18700003623962402,9.63099956512451172,2,0.998000025749206543,1.13199996948242188,0,0,0,1.22699999809265137,1,0,0,0,2.1940000057220459,-0.0250000003725290298,0,0,1.54400002956390381,0,2,2,2,3.64299988746643066,2.31500005722045898,1,8.04199981689453125,0,0
4.93300008773803711,2.0578000545501709,0,0,3,0,4,53.2999992370605469,0,0,4,0,3.77200007438659668,0,10.4650001525878906,0,0.980000019073486328,1.10000002384185791,0,0,0,1.34000003337860107,4,0,0,1,2.35899996757507324,0,0,0,3.07999992370605469,0,2,4,1,3.86500000953674316,1.95099997520446777,1,8.875,0,0
4.34600019454956055,3.45720005035400391,0,0,0,0,0,33.2999992370605469,1,2,0,-0.330000013113021851,3.04800009727478027,1.97500002384185791,9.15999984741210938,4,0.998000025749206543,1.1390000581741333,0,0,0,1.1809999942779541,0,0,0,0,2,0.0460000000894069672,0,10.3459997177124023,3.16499996185302734,0,0,0,0,3.42300009727478027,2.63000011444091797,0,7.73000001907348633,0,0
5.4310002326965332,2.82920002937316895,0,0,0,2,0,30,4,1,1,0,3.20300006866455078,0.832000017166137695,10.680999755859375,2,0.978999972343444824,1.14800000190734863,0,0,0,1.20200002193450928,1,0,0,0,2.39400005340576172,-0.00700000021606683731,0,0,1.0549999475479126,2,0,6,2,3.50900006294250488,2.12100005149841309,1,7.92999982833862305,0,0
4.67000007629394531,4.02180004119873047,0,0,0,0,0,33.2999992370605469,3,2,0,0.21799999475479126,3.44700002670288086,2.21000003814697266,9.96100044250488281,7,0.982999980449676514,1.1390000581741333,0,0,0,1.20299994945526123,0,0,0,0,2.14700007438659668,-0.00200000009499490261,0,11.1149997711181641,3.76900005340576172,0,0,0,0,3.52999997138977051,2.26200008392333984,0,8.14299964904785156,0,0
4.94700002670288086,4.36189985275268555,2,0,0,0,0,28.6000003814697266,0,4,0,-2.40899991989135742,4.29799985885620117,1.37100005149841309,9.95600032806396484,4,1.10099995136260986,1.1260000467300415,0,0,0,1.24600005149841309,0,1,0,0,2.21399998664855957,-0.0280000008642673492,0,20.2099990844726562,2.23200011253356934,0,0,0,2,6.91099977493286133,3.75,0,12.2700004577636719,0,2
4.34299993515014648,3.93989992141723633,0,0,0,0,0,33.2999992370605469,0,4,0,-2.51399993896484375,3.04699993133544922,1.5,9.30900001525878906,4,1.09000003337860107,1.1390000581741333,0,0,0,1.10800004005432129,0,0,0,0,2,-0.0970000028610229492,0,19.1070003509521484,2.68199992179870605,0,0,0,2,3.51900005340576172,4.16699981689453125,0,8.01599979400634766,0,0
4.61800003051757812,4.72329998016357422,0,0,0,0,0,33.2999992370605469,2,4,0,-1.03499996662139893,3.30500006675720215,1.78999996185302734,9.76799964904785156,6,1.03499996662139893,1.1390000581741333,0,0,0,1.16299998760223389,0,0,0,0,2.13599991798400879,0.0160000007599592209,0,20.6660003662109375,2.6119999885559082,0,0,0,0,3.49300003051757812,3.15199995040893555,0,8.20199966430664062,0,0
4.30299997329711914,3.18269991874694824,0,0,0,0,0,25,2,2,2,0,2.99600005149841309,1.83700001239776611,9.38899993896484375,0,0.998000025749206543,1.15900003910064697,0,0,0,1.1119999885559082,0,0,0,0,2,0.0439999997615814209,0,0,3.19300007820129395,0,0,2,3,3.13899993896484375,2.68499994277954102,1,7.42999982833862305,0,0
5.34499979019165039,6.99230003356933594,0,0,0,1,0,32.7000007629394531,8,8,0,-1.34300005435943604,4.60300016403198242,2.93600010871887207,11.366999626159668,32,0.987999975681304932,1.13999998569488525,0,0,0,1.1799999475479126,0,0,0,0,2.36100006103515625,0,0,52.8559989929199219,3.43499994277954102,0,0,0,0,3.56299996376037598,2.25,0,9.27499961853027344,0,0
4.30299997329711914,3.68449997901916504,1,0,0,0,0,15.3999996185302734,0,3,0,0,2.91700005531311035,1.45899999141693115,8.81499958038330078,4,1.03799998760223389,1.15499997138977051,0,0,0,1.17200005054473877,0,0,0,0,1.93200004100799561,-0.263999998569488525,0,9.92099952697753906,1.74500000476837158,0,0,0,0,4.19000005722045898,3.15400004386901855,0,8.63399982452392578,0,0
5.125,3.3889000415802002,0,0,0,1,0,30.7999992370605469,5,0,0,0,2.82100009918212891,1.29900002479553223,10.0100002288818359,0,0.959999978542327881,1.14400005340576172,0,0,0,1.24600005149841309,0,0,0,0,2.14899992942810059,-0.0619999989867210388,0,0,2.0969998836517334,0,0,0,0,3.28299999237060547,1.75999999046325684,0,7.40100002288818359,0,0
4.73199987411499023,3.0634000301361084,0,0,0,0,0,28.6000003814697266,4,4,0,0,3.32699990272521973,0.827000021934509277,10.0900001525878906,8,1.0140000581741333,1.14900004863739014,0,0,0,1.11800003051757812,1,0,0,0,2.23600006103515625,0.00400000018998980522,0,0,1.02600002288818359,0,0,0,0,3.42600011825561523,2.2780001163482666,0,7.97700023651123047,0,0
5.31300020217895508,2.5727999210357666,0,0,0,1,0,34.5,3,1,0,1.47699999809265137,3.21499991416931152,1.15999996662139893,10.3879995346069336,2,0.97500002384185791,1.13600003719329834,0,0,0,1.21099996566772461,1,0,0,0,2.31100010871887207,-0.00700000021606683731,0,0,1.83299994468688965,1,0,0,1,3.47799992561340332,2.06800007820129395,0,7.97499990463256836,0,0
4.22800016403198242,3.28929996490478516,0,0,0,0,0,29.3999996185302734,2,2,0,-0.193000003695487976,2.7929999828338623,1.55700004100799561,8.89099979400634766,2,1.00399994850158691,1.14699995517730713,0,0,0,1.13999998569488525,0,0,0,0,1.93200004100799561,0.142000004649162292,0,9.97999954223632812,2.53500008583068848,0,0,0,0,3.34599995613098145,2.73799991607666016,0,7.46500015258789062,0,0
4.91400003433227539,2.28839993476867676,0,0,4,0,3,40.5,2,3,6,-0.172999992966651917,3.98600006103515625,1.42599999904632568,10.6319999694824219,3,1.00300002098083496,1.12800002098083496,0,0,0,1.23199999332427979,2,0,0,0,2.32800006866455078,0,0,12.1420001983642578,4.1810002326965332,0,2,7,3,3.73300004005432129,2.46199989318847656,2,8.91300010681152344,0,0
4.51700019836425781,2.76550006866455078,0,0,1,0,1,40,1,0,2,0,3.07299995422363281,1.40900003910064697,9.39099979400634766,0,0.976000010967254639,1.12899994850158691,0,0,0,1.2640000581741333,1,0,0,0,2.14899992942810059,-0.0240000002086162567,0,0,2.03600001335144043,0,1,3,1,3.56200003623962402,1.96300005912780762,1,7.89900016784667969,0,0
4.61600017547607422,2.82389998435974121,0,0,1,0,2,39.0999984741210938,2,0,2,0,3.1679999828338623,1.46099996566772461,9.68999958038330078,0,0.973999977111816406,1.12999999523162842,0,0,0,1.26999998092651367,1,0,0,0,2.20300006866455078,0.0130000002682209015,0,0,2.06299996376037598,0,1,3,1,3.63000011444091797,1.93299996852874756,1,8.04699993133544922,0,0
4.78900003433227539,2.87389993667602539,0,0,0,0,0,30.7999992370605469,3,4,0,-0.317999988794326782,3.35400009155273438,1.42499995231628418,10.0909996032714844,6,1.01900005340576172,1.14400005340576172,0,0,0,1.14900004863739014,1,0,0,0,2.27399992942810059,0.00400000018998980522,0,10.5819997787475586,2.25699996948242188,0,0,0,0,3.47699999809265137,2.5559999942779541,0,8.12100028991699219,0,0
3.61800003051757812,2.24079990386962891,0,0,1,0,0,25,2,0,1,0,2.35899996757507324,1.52199995517730713,7.85300016403198242,0,0.970000028610229492,1.16100001335144043,0,0,0,1.13300001621246338,0,0,0,0,1.73199999332427979,0.323000013828277588,0,0,2.09400010108947754,0,0,1,2,2.81100010871887207,2.09999990463256836,1,6.38500022888183594,0,0
4.17000007629394531,2.761199951171875,2,0,0,0,0,27.2999992370605469,2,0,0,0,3.00200009346008301,0.971000015735626221,8.5970001220703125,0,1.01699995994567871,1.14100003242492676,0,0,0,1.27999997138977051,0,0,1,0,1.84800004959106445,0.354000002145767212,0,0,1.54200005531311035,0,0,0,0,3.75500011444091797,2.61100006103515625,0,8.35000038146972656,0,2
4.49100017547607422,3.63840007781982422,0,0,2,0,0,28.6000003814697266,3,1,2,0,3.23099994659423828,2.23000001907348633,9.44900035858154297,0,0.976000010967254639,1.15100002288818359,0,0,0,1.16600000858306885,0,0,0,0,2.09299993515014648,-0.00700000021606683731,0,0,2.76399993896484375,0,0,3,1,3.16700005531311035,2,1,7.5279998779296875,0,0
5.2909998893737793,4.20760011672973633,0,0,0,1,0,32,3,3,0,-0.56099998950958252,3.26200008392333984,1.68599998950958252,10.3079996109008789,7,1.00699996948242188,1.14100003242492676,0,0,0,1.18499994277954102,0,0,0,0,2.24399995803833008,0.0140000004321336746,0,21.7590007781982422,2.73300004005432129,0,0,0,0,3.56699991226196289,2.87100005149841309,0,8.16300010681152344,0,0
4.73199987411499023,3.0150001049041748,0,0,0,0,1,47.0999984741210938,1,1,0,0.120999999344348907,3.12700009346008301,1.18700003623962402,9.64200019836425781,2,0.991999983787536621,1.11000001430511475,0,0,0,1.28600001335144043,1,0,0,0,2.1940000057220459,-0.0250000003725290298,0,10.6450004577636719,1.65900003910064697,0,0,0,0,3.65199995040893555,2.48099994659423828,0,8.13199996948242188,0,0
4,2,0,0,0,0,0,33.2999992370605469,0,0,0,0,3.22000002861022949,0,9.31400012969970703,0,0.961000025272369385,1.1380000114440918,0,0,0,1.20500004291534424,1,0,0,0,2,0.00300000002607703209,0,0,1.24399995803833008,0,0,0,0,3.00900006294250488,1.5,0,7.43900012969970703,0,0
4.73199987411499023,3.08360004425048828,0,0,0,0,1,46.7000007629394531,0,2,0,-0.879000008106231689,3.15100002288818359,1.18700003623962402,9.64200019836425781,4,1.01999998092651367,1.1109999418258667,0,0,0,1.23500001430511475,1,0,0,0,2.1940000057220459,-0.026000000536441803,0,10.2010002136230469,1.65900003910064697,0,0,0,1,3.66300010681152344,2.92600011825561523,0,8.16100025177001953,0,0
4.83500003814697266,2.82139992713928223,0,0,2,0,2,40.7000007629394531,2,2,4,-0.386000007390975952,3.54699993133544922,1.8760000467300415,10.185999870300293,3,1.00199997425079346,1.1260000467300415,0,0,0,1.26100003719329834,1,0,0,0,2.2630000114440918,0.00100000004749745131,0,21.9120006561279297,3.24900007247924805,0,1,3,1,3.6809999942779541,2.61899995803833008,1,8.55000019073486328,0,0
5.19899988174438477,2.21189999580383301,0,3,10,0,5,46.4000015258789062,1,1,12,0,3.82599997520446777,0.603999972343444824,10.8529996871948242,2,1.00600004196166992,1.12000000476837158,0,0,0,1.30099999904632568,7,0,0,3,2.72600007057189941,0,0,0,2.47000002861022949,0,2,10,1,4.4029998779296875,2.13700008392333984,3,9.36299991607666016,0,0
4.98199987411499023,2.35489988327026367,0,0,2,0,0,40,0,2,2,-0.186000004410743713,3.32899999618530273,0.762000024318695068,10.2259998321533203,6,1.01499998569488525,1.12899994850158691,0,0,0,1.21599996089935303,3,0,0,0,2.42400002479553223,0.00400000018998980522,0,22.1060009002685547,1.02699995040893555,2,0,2,1,3.67300009727478027,2.68199992179870605,1,8.27200031280517578,0,0
3,2.70980000495910645,0,0,0,0,0,20,0,2,0,0,2.09999990463256836,0.917999982833862305,6.59399986267089844,0,1.10800004005432129,1.16700005531311035,0,0,0,1.02400004863739014,0,0,0,0,1.41400003433227539,1.07299995422363281,0,8.36100006103515625,1.33299994468688965,0,0,0,1,3.04600000381469727,5,0,6.69000005722045898,0,0
5.26000022888183594,2.49160003662109375,5,0,0,0,6,37.5,1,2,0,-0.416000008583068848,4.38700008392333984,2.92899990081787109,10.814000129699707,5,1.0130000114440918,1.1239999532699585,0,0,0,1.28100001811981201,1,0,1,0,2.43799996376037598,0,0,11.9729995727539062,6.97100019454956055,0,6,0,0,4.29500007629394531,2.38899993896484375,0,9.72500038146972656,0,5
5,3.1240999698638916,0,0,0,1,0,25,3,0,0,0,2.3880000114440918,0.722000002861022949,9.65699958801269531,0,0.970000028610229492,1.16100001335144043,0,0,0,1.17599999904632568,0,0,0,0,2,0.324999988079071045,0,0,0.800000011920928955,0,0,3,2,3.22399997711181641,2.25,1,7.03000020980834961,0,0
3.97499990463256836,2.88969993591308594,0,0,0,0,0,32.2999992370605469,2,0,0,0,3.69899988174438477,3.32200002670288086,9.70699977874755859,0,0.961000025272369385,1.14100003242492676,0,0,0,1.20899999141693115,0,0,0,0,1.97800004482269287,0,0,0,8.12199974060058594,0,0,0,0,2.99399995803833008,1.54999995231628418,0,7.89599990844726562,0,0
5.03499984741210938,2.26749992370605469,0,0,0,0,2,50,0,2,0,-0.270999997854232788,3.70300006866455078,0.625,10.3850002288818359,6,0.998000025749206543,1.10399997234344482,0,0,0,1.27699995040893555,2,0,0,0,2.32800006866455078,0,0,11.8950004577636719,3.09800004959106445,0,0,0,1,3.73000001907348633,2.45799994468688965,0,8.71800041198730469,0,0
5.31799983978271484,3.10829997062683105,0,0,0,1,2,40,3,1,0,0,3.27200007438659668,1.15999996662139893,10.3879995346069336,2,0.981000006198883057,1.125,0,0,0,1.2630000114440918,1,0,0,0,2.31800007820129395,-0.00700000021606683731,0,0,1.78199994564056396,0,1,0,1,3.70199990272521973,2.2349998950958252,0,8.24400043487548828,0,0
5.09800004959106445,3.60850000381469727,0,0,0,1,0,27.2999992370605469,4,2,0,0,2.87599992752075195,1.5,9.87199974060058594,0,0.99299997091293335,1.15100002288818359,0,0,0,1.12199997901916504,0,0,0,0,2.1119999885559082,-0.0769999995827674866,0,0,2.4719998836517334,0,0,0,1,3.30399990081787109,2.46900010108947754,0,7.43300008773803711,0,0
4.80200004577636719,3.02259993553161621,0,0,1,0,2,50,0,0,2,0,3.17400002479553223,0,9.80500030517578125,0,0.985000014305114746,1.10899996757507324,0,0,0,1.35899996757507324,3,0,0,1,2.32299995422363281,0.0130000002682209015,0,0,0.949999988079071045,0,0,3,1,3.86800003051757812,1.98099994659423828,1,8.35700035095214844,0,0
4.64499998092651367,0.803900003433227539,0,0,0,0,0,34.0999984741210938,3,12,0,-0.966000020503997803,5.04300022125244141,1.18200004100799561,11.6619997024536133,23,0.989000022411346436,1.13699996471405029,0,0,0,1.17299997806549072,6,0,0,0,2.47499990463256836,0,0,38.3989982604980469,11.0719995498657227,0,0,0,0,3.57999992370605469,1.99800002574920654,0,9.84099960327148438,0,0
4.41400003433227539,4.38829994201660156,0,1,0,0,0,9.10000038146972656,0,2,0,-0.662000000476837158,2.94600009918212891,1.37899994850158691,9.2220001220703125,2,1.09700000286102295,1.21899998188018799,0,0,0,1.07400000095367432,0,0,0,0,2,0.171000003814697266,0,18.5669994354248047,2.13299989700317383,0,0,1,4,3.68899989128112793,4.16699981689453125,4,8.13899993896484375,0,0
5.23600006103515625,2.94210004806518555,6,0,0,0,0,33.2999992370605469,0,0,0,0,4.00600004196166992,0.799000024795532227,10.4340000152587891,0,1.0690000057220459,1.12000000476837158,0,0,0,1.34700000286102295,1,0,1,0,2.41400003433227539,0.00400000018998980522,0,0,0.873000025749206543,0,0,0,0,4.08500003814697266,2.7219998836517334,0,9.50399971008300781,0,6
5.29899978637695312,1.74329996109008789,0,0,6,0,0,33.2999992370605469,0,6,12,-1.78100001811981201,3.96900010108947754,0.610000014305114746,10.9029998779296875,12,1.04400002956390381,1.14600002765655518,0,0,0,1.1260000467300415,4,0,0,0,2.50500011444091797,0,0,37.0830001831054688,1.90999996662139893,0,0,3,0,3.80100011825561523,2.64299988746643066,3,9.05399990081787109,0,0
5.00299978256225586,2.6389000415802002,1,1,12,0,6,37.0999984741210938,3,7,15,-1.11000001430511475,4.54899978637695312,1.96899998188018799,11.2200002670288086,8,1.02999997138977051,1.13699996471405029,0,1,0,1.21800005435943604,2,0,1,0,2.38000011444091797,0,0,56.2700004577636719,4.82800006866455078,0,6,15,1,3.99200010299682617,2.75300002098083496,5,9.69200038909912109,0,1
5.00400018692016602,3.52410006523132324,3,1,3,0,4,37.5,0,0,4,0,3.71000003814697266,1.15999996662139893,10.1160001754760742,0,1.05200004577636719,1.12999999523162842,1,0,0,1.3190000057220459,1,0,1,0,2.32699990272521973,-0.00800000037997961044,0,0,1.26800000667572021,0,4,3,3,4.10200023651123047,2.68199992179870605,2,9.1660003662109375,0,3
5.31799983978271484,2.66989994049072266,2,0,0,0,2,36.4000015258789062,0,3,0,0,3.70000004768371582,0.985000014305114746,10.5450000762939453,9,1.01999998092651367,1.10699999332427979,0,0,0,1.31700003147125244,3,0,0,0,2.40199995040893555,0.00100000004749745131,0,0,1.51100003719329834,0,1,0,0,4.70599985122680664,2.2929999828338623,0,9.53800010681152344,0,0
4.80200004577636719,1.70120000839233398,4,0,4,0,4,50,0,0,4,0,4.21199989318847656,0,10.7670001983642578,0,1.00600004196166992,1.0690000057220459,0,0,0,1.45500004291534424,6,0,0,0,2.40599989891052246,0,0,0,4.16400003433227539,0,0,4,0,4.46199989318847656,1.96700000762939453,2,9.90100002288818359,0,0
5.07499980926513672,2.92030000686645508,0,0,0,0,2,36.4000015258789062,4,4,0,-0.888000011444091797,4.15899991989135742,2.6809999942779541,10.7939996719360352,14,0.986000001430511475,1.13199996948242188,0,0,0,1.21000003814697266,1,0,0,0,2.35700011253356934,0,0,25.1399993896484375,5.82800006866455078,0,0,0,0,3.79500007629394531,2.19000005722045898,0,8.94099998474121094,2,0
5.21899986267089844,2.22040009498596191,0,0,0,1,0,39.5999984741210938,5,3,0,2.75300002098083496,3.96399998664855957,1.3619999885559082,11.0699996948242188,11,0.989000022411346436,1.1260000467300415,0,0,0,1.25699996948242188,2,0,0,0,2.61599993705749512,0,0,24.4629993438720703,4.0970001220703125,2,0,0,0,3.7909998893737793,2.32200002670288086,0,9.01399993896484375,0,0
4.46099996566772461,3.62649989128112793,0,0,8,0,0,25.7000007629394531,0,0,0,0,3.24200010299682617,2.11700010299682617,9.79699993133544922,0,0.97500002384185791,1.16100001335144043,0,0,0,1.18200004100799561,0,0,0,0,2.0840001106262207,-0.00700000021606683731,0,0,3.79800009727478027,0,0,4,0,3.21600008010864258,1.83299994468688965,3,7.76700019836425781,0,0
4.95300006866455078,3.40849995613098145,0,0,2,0,2,40,1,2,3,0,3.35100007057189941,1.27300000190734863,9.97500038146972656,4,1.01499998569488525,1.12899994850158691,0,1,0,1.24100005626678467,1,0,0,0,2.28800010681152344,-0.00800000037997961044,0,20.7719993591308594,1.60199999809265137,0,1,2,0,3.85299992561340332,2.80299997329711914,1,8.52099990844726562,0,0
4.37200021743774414,3.46289992332458496,0,0,0,0,0,38.5,2,0,0,2.49499988555908203,3.12899994850158691,1.92200005054473877,9.49400043487548828,0,0.96399998664855957,1.12800002098083496,0,0,0,1.28799998760223389,0,0,0,0,2.03099989891052246,-0.0230000000447034836,0,0,3.41199994087219238,0,0,0,0,3.36299991607666016,2.03299999237060547,0,7.90899991989135742,0,0
5.31500005722045898,3.05809998512268066,0,0,0,1,2,40.7000007629394531,3,2,0,-0.875,3.46099996566772461,1.23000001907348633,10.5480003356933594,4,0.994000017642974854,1.12300002574920654,0,0,0,1.24300003051757812,1,0,0,0,2.3340001106262207,-0.00200000009499490261,0,10.5620002746582031,2.21499991416931152,0,0,0,1,3.74300003051757812,2.55800008773803711,0,8.48499965667724609,0,0
3.95600008964538574,2.80789995193481445,0,0,0,0,0,31.8999996185302734,2,0,0,0,3.41300010681152344,2.97399997711181641,9.37699985504150391,0,0.959999978542327881,1.14100003242492676,0,0,0,1.20799994468688965,0,0,0,0,1.96200001239776611,0.00100000004749745131,0,0,6.10200023651123047,0,0,0,0,2.97600007057189941,1.56700003147125244,0,7.59000015258789062,0,0
4.23600006103515625,3.06789994239807129,0,0,1,0,0,32.7999992370605469,1,1,1,-0.156000003218650818,3.92899990081787109,3.55399990081787109,10.0419998168945312,1,0.970000028610229492,1.14100003242492676,0,0,0,1.20899999141693115,0,0,0,0,1.99500000476837158,0,0,10.5989999771118164,9.70100021362304688,0,0,1,2,3.30900001525878906,1.90299999713897705,1,8.38199996948242188,0,0
5.26200008392333984,4.52209997177124023,1,0,0,0,0,28.2999992370605469,3,4,0,0,3.85599994659423828,2.73300004005432129,10.3870000839233398,12,0.986999988555908203,1.14400005340576172,0,0,0,1.18700003623962402,0,0,0,0,2.25699996948242188,0,0,12.435999870300293,3.44099998474121094,0,0,0,0,4.41499996185302734,2.11500000953674316,0,9.15200042724609375,0,0
4.95800018310546875,3.55200004577636719,0,0,1,0,3,38.9000015258789062,1,3,3,0,3.375,1.15999996662139893,10.0989999771118164,6,1.04100000858306885,1.13199996948242188,0,1,0,1.22599995136260986,1,0,0,0,2.30299997329711914,-0.00800000037997961044,0,20.5139999389648438,1.60199999809265137,0,2,2,1,3.87599992752075195,3.18199992179870605,1,8.60099983215332031,0,0
4.49900007247924805,2.96390008926391602,0,0,1,0,1,41.2000007629394531,0,0,2,0,2.97600007057189941,1.125,9.31099987030029297,0,0.978999972343444824,1.12699997425079346,0,0,0,1.26600003242492676,1,0,0,0,2.13599991798400879,0.043000001460313797,0,0,1.48099994659423828,0,1,2,1,3.56100010871887207,2.02099990844726562,1,7.84600019454956055,0,0
4.17000007629394531,2.66829991340637207,0,0,0,0,0,26.7000007629394531,2,1,0,0,2.40000009536743164,0.971000015735626221,8.5970001220703125,1,0.982999980449676514,1.15199995040893555,0,0,0,1.10300004482269287,0,0,0,0,1.84800004959106445,0.34299999475479126,0,0,1.54200005531311035,0,0,0,1,3.02200007438659668,2.56699991226196289,0,6.70200014114379883,0,0
5.51100015640258789,2.63170003890991211,1,0,0,0,4,44.4000015258789062,0,4,0,0,3.88400006294250488,0.731999993324279785,10.805999755859375,12,1.02999997138977051,1.10500001907348633,0,0,0,1.27499997615814209,2,0,0,0,2.42000007629394531,0,0,24.1860008239746094,2.73099994659423828,0,4,0,2,4.7369999885559082,2.91700005531311035,0,9.67099952697753906,0,0
5.26800012588500977,3.97909998893737793,4,0,6,0,6,57.0999984741210938,0,0,4,0,4.00500011444091797,1.19700002670288086,10.5100002288818359,0,1.09899997711181641,1.08500003814697266,0,0,0,1.39900004863739014,1,0,1,0,2.43899989128112793,0.00100000004749745131,0,0,1.09800004959106445,0,4,2,0,4.26200008392333984,3.10299992561340332,2,9.54399967193603516,0,4
4,2.91930007934570312,0,0,0,0,0,30,2,1,0,0.166999995708465576,2.27900004386901855,0.81099998950958252,8.31799983978271484,0,0.998000025749206543,1.14600002765655518,0,0,0,1.1950000524520874,0,0,0,0,1.73199999332427979,-0.596000015735626221,0,9.444000244140625,1,0,0,0,0,3.26099991798400879,3.16700005531311035,0,7.0970001220703125,0,0
4.23299980163574219,3.4038999080657959,0,0,0,0,0,27.7999992370605469,1,3,0,-0.261999994516372681,2.93799996376037598,1.90600001811981201,9.01099967956542969,1,1.02199995517730713,1.14999997615814209,0,0,0,1.11899995803833008,0,0,0,0,1.95000004768371582,-0.0869999974966049194,0,10.0410003662109375,2.99900007247924805,0,0,0,0,3.34899997711181641,2.83299994468688965,0,7.6100001335144043,0,0
5.42199993133544922,3.3310999870300293,0,0,0,2,3,37.7999992370605469,6,1,0,0,3.55100011825561523,1.16100001335144043,10.9289999008178711,3,0.973999977111816406,1.12899994850158691,0,0,0,1.26499998569488525,1,0,0,0,2.41700005531311035,-0.00100000004749745131,0,0,2.0840001106262207,0,1,0,1,3.79900002479553223,2.09999990463256836,0,8.54800033569335938,0,0
4.2630000114440918,3.34750008583068848,0,0,2,0,0,25.7999992370605469,0,1,0,0,3.1659998893737793,2.18700003623962402,9.53299999237060547,0,0.982999980449676514,1.15900003910064697,0,0,0,1.16299998760223389,0,0,0,0,2,0.0130000002682209015,0,0,4.14300012588500977,0,0,2,0,3.15000009536743164,1.95500004291534424,2,7.64499998092651367,0,0
5.01399993896484375,2.73819994926452637,0,0,0,0,4,57.0999984741210938,0,1,0,0,3.5559999942779541,0,10.3839998245239258,4,0.99299997091293335,1.08899998664855957,0,0,0,1.35599994659423828,6,0,0,0,2.46900010108947754,-0.00100000004749745131,0,0,1.3049999475479126,0,0,0,0,4.06599998474121094,2.0130000114440918,0,8.82999992370605469,0,0
5.07600021362304688,3.55060005187988281,0,0,1,0,0,38.0999984741210938,2,3,2,0,3.4179999828338623,1.25800001621246338,10.189000129699707,7,1.02900004386901855,1.13300001621246338,0,0,0,1.20399999618530273,1,0,0,0,2.35199999809265137,0.00400000018998980522,0,10.4600000381469727,1.24399995803833008,0,1,3,2,3.82100009918212891,3.01399993896484375,1,8.44099998474121094,0,0
4.95100021362304688,2.74020004272460938,0,0,0,0,2,38.7000007629394531,2,3,0,-0.46399998664855957,3.58999991416931152,2.07100009918212891,10.2410001754760742,9,1.00199997425079346,1.12699997425079346,0,0,0,1.22300004959106445,1,0,0,0,2.28999996185302734,-0.00100000004749745131,0,11.4650001525878906,3.74399995803833008,0,1,0,1,3.74300003051757812,2.52200007438659668,0,8.50199985504150391,1,0
4.89499998092651367,3.52189993858337402,1,0,2,0,3,37.5,0,2,4,0,3.51999998092651367,1.15999996662139893,10.0989999771118164,4,1.05900001525878906,1.13699996471405029,0,1,0,1.25199997425079346,1,0,1,0,2.29200005531311035,-0.00800000037997961044,0,20.3409996032714844,1.69599997997283936,0,3,4,2,3.97699999809265137,3.19199991226196289,2,8.89200019836425781,0,1
4.49100017547607422,3.63840007781982422,0,0,2,0,0,28.6000003814697266,3,1,2,0,3.23099994659423828,2.23000001907348633,9.44900035858154297,0,0.976000010967254639,1.15100002288818359,0,0,0,1.16600000858306885,0,0,0,0,2.09299993515014648,-0.00700000021606683731,0,0,2.76399993896484375,0,0,3,1,3.16700005531311035,2,1,7.5279998779296875,0,0
5.09800004959106445,3.13380002975463867,1,0,0,0,0,27.2999992370605469,1,4,0,0,3.72000002861022949,2.91100001335144043,10.2290000915527344,4,0.991999983787536621,1.14499998092651367,0,0,0,1.1679999828338623,0,0,0,0,2.12100005149841309,0,0,10.3640003204345703,6.65100002288818359,0,0,0,2,4.44999980926513672,2.4590001106262207,0,9.1529998779296875,0,0
4.92299985885620117,3.50530004501342773,0,0,1,0,2,41.2000007629394531,1,2,3,0,3.2780001163482666,1.18499994277954102,9.91100025177001953,4,1.02400004863739014,1.12699997425079346,0,1,0,1.25399994850158691,1,0,0,0,2.26699995994567871,0.0149999996647238731,0,20.4549999237060547,1.56299996376037598,0,1,2,0,3.85400009155273438,2.93300008773803711,1,8.49899959564208984,0,0
5.3880000114440918,3.31139993667602539,0,0,0,1,3,39.2999992370605469,4,1,0,0,3.35100007057189941,1.1239999532699585,10.5389995574951172,4,0.977999985218048096,1.1260000467300415,0,0,0,1.26999998092651367,1,0,0,0,2.37700009346008301,0.00400000018998980522,0,0,1.69000005722045898,0,1,0,1,3.77999997138977051,2.18799996376037598,0,8.35700035095214844,0,0
4.17000007629394531,3.32710003852844238,1,1,0,0,0,10,0,0,0,0.115999996662139893,2.76699995994567871,0.971000015735626221,8.5970001220703125,0,1.02699995040893555,1.18299996852874756,1,0,0,1.19299995899200439,0,0,0,0,1.84800004959106445,0.418999999761581421,0,0,1.54200005531311035,0,0,1,5,3.84899997711181641,3.16700005531311035,3,8.14000034332275391,0,0
4.59600019454956055,3.41610002517700195,2,0,0,0,0,45.5,0,0,1,0,3.38199996948242188,0.875,9.53999996185302734,0,1.04700005054473877,1.1109999418258667,0,0,0,1.35000002384185791,1,0,1,0,2.17499995231628418,0.0469999983906745911,0,0,1.0690000057220459,0,0,2,0,3.99200010299682617,2.5690000057220459,1,8.81200027465820312,0,2
3.87899994850158691,2.73119997978210449,0,0,2,0,0,28.6000003814697266,2,0,2,0,2.92199993133544922,2.28099989891052246,8.74300003051757812,0,0.966000020503997803,1.15100002288818359,0,0,0,1.17900002002716064,0,0,0,0,1.90199995040893555,0.0379999987781047821,0,0,3.68499994277954102,0,0,2,1,2.9570000171661377,1.72200000286102295,1,7.07800006866455078,0,0
4.73199987411499023,3.65079998970031738,0,0,0,0,0,20,0,0,9,0,3.14599990844726562,0.880999982357025146,9.80300045013427734,0,1.04100000858306885,1.19900000095367432,0,0,0,1.14600002765655518,1,0,0,0,2.23600006103515625,-0.0280000008642673492,0,0,0.949999988079071045,0,0,0,6,3.77500009536743164,2.88899993896484375,6,8.22799968719482422,0,0
5.02899980545043945,2.59660005569458008,0,0,0,0,4,46.7000007629394531,0,4,0,-0.760999977588653564,3.83699989318847656,1.4179999828338623,10.6339998245239258,10,1.01999998092651367,1.1109999418258667,0,0,0,1.25399994850158691,3,0,0,0,2.4030001163482666,0,0,22.7649993896484375,2.58599996566772461,0,0,0,0,3.91899991035461426,2.61100006103515625,0,8.95800018310546875,2,0
5.21799993515014648,4.35750007629394531,1,0,0,0,0,29.1000003814697266,4,3,0,0,3.85100007057189941,2.64599990844726562,10.5649995803833008,7,0.978999972343444824,1.14199995994567871,0,0,0,1.20000004768371582,0,0,0,0,2.26399993896484375,0,0,12.1739997863769531,4.79699993133544922,0,0,0,1,4.41200017929077148,2.14899992942810059,0,9.17399978637695312,0,0
4.80700016021728516,3.35019993782043457,2,0,1,0,3,42.9000015258789062,0,0,2,0,3.45300006866455078,0.880999982357025146,9.83300018310546875,0,1.02900004386901855,1.11699998378753662,0,0,0,1.3320000171661377,1,0,1,0,2.24600005149841309,-0.0250000003725290298,0,0,1.05999994277954102,0,3,2,2,4.00699996948242188,2.57999992370605469,1,8.86299991607666016,0,2
4.73199987411499023,2.16490006446838379,0,0,2,0,4,44.7999992370605469,0,0,4,0,3.61700010299682617,0.648000001907348633,10.3000001907348633,0,0.982999980449676514,1.12000000476837158,0,0,0,1.2929999828338623,2,0,0,0,2.27500009536743164,0,0,0,3.09500002861022949,0,2,4,4,3.6940000057220459,2.14400005340576172,2,8.63599967956542969,0,0
5.21799993515014648,4.35750007629394531,1,0,0,0,0,29.1000003814697266,4,3,0,0,3.85100007057189941,2.64599990844726562,10.5649995803833008,7,0.978999972343444824,1.14199995994567871,0,0,0,1.20000004768371582,0,0,0,0,2.26399993896484375,0,0,12.1739997863769531,4.79699993133544922,0,0,0,1,4.41200017929077148,2.14899992942810059,0,9.17399978637695312,0,0
5.33199977874755859,5.55399990081787109,0,0,0,1,0,36.5999984741210938,1,6,0,-1.83899998664855957,3.93199992179870605,2.39599990844726562,10.694000244140625,18,1.01999998092651367,1.13199996948242188,0,0,0,1.18400001525878906,0,0,0,0,2.31500005722045898,0,0,33.5250015258789062,2.89100003242492676,0,0,0,0,3.52699995040893555,2.89299988746643066,0,8.80300045013427734,0,0
4.73199987411499023,2.84890007972717285,3,0,0,0,1,42.9000015258789062,0,0,0,0,3.54900002479553223,1.18700003623962402,9.64200019836425781,0,1.01100003719329834,1.09099996089935303,0,0,0,1.42100000381469727,1,0,1,0,2.1940000057220459,-0.0240000002086162567,0,0,1.65900003910064697,0,1,0,0,4.52299976348876953,2.32899999618530273,0,9.31400012969970703,0,2
3.84800004959106445,2.85209989547729492,0,0,0,0,0,27.2999992370605469,2,2,0,0,2.85800004005432129,2,8.5839996337890625,1,0.99299997091293335,1.15100002288818359,0,0,0,1.11699998378753662,0,0,0,0,1.87899994850158691,-0.0759999975562095642,0,0,3.28399991989135742,0,0,0,1,2.99699997901916504,2.375,0,7.07399988174438477,0,0
5.125,3.67829990386962891,0,0,0,1,0,30,3,2,0,0.0250000003725290298,2.92499995231628418,1.29900002479553223,10.0100002288818359,2,0.998000025749206543,1.14600002765655518,0,0,0,1.17700004577636719,0,0,0,0,2.14899992942810059,-0.0780000016093254089,0,10.2989997863769531,2.0969998836517334,0,0,0,1,3.42199993133544922,2.92700004577636719,0,7.74800014495849609,0,0
4.8600001335144043,3.34660005569458008,1,0,0,0,3,40,0,2,0,0,3.45300006866455078,1.27300000190734863,9.96700000762939453,4,1.01999998092651367,1.12199997901916504,0,0,0,1.25,1,0,1,0,2.28200006484985352,-0.00800000037997961044,0,0,1.63399994373321533,0,3,0,0,3.93199992179870605,2.37400007247924805,0,8.64099979400634766,0,1
3.91899991035461426,3.11829996109008789,0,0,0,0,0,27.6000003814697266,2,3,0,0,3.17799997329711914,2.54999995231628418,9.00199985504150391,1,0.998000025749206543,1.15100002288818359,0,0,0,1.11600005626678467,0,0,0,0,1.93200004100799561,0.0140000004321336746,0,0,4.48899984359741211,0,0,0,1,3.0559999942779541,2.31800007820129395,0,7.45599985122680664,0,0
4.59299993515014648,2.87540006637573242,0,0,1,0,1,42.0999984741210938,1,1,2,-0.0359999984502792358,3.2219998836517334,1.46099996566772461,9.66499996185302734,1,0.998000025749206543,1.125,0,0,0,1.2640000581741333,1,0,0,0,2.17499995231628418,0.0140000004321336746,0,10.5019998550415039,2.29800009727478027,0,1,3,1,3.59899997711181641,2.48300004005432129,1,8.18700027465820312,0,0
4.23600006103515625,2.98539996147155762,0,0,0,0,0,32.0999984741210938,2,2,0,-0.653999984264373779,3.75099992752075195,3.12199997901916504,10.0039997100830078,2,0.973999977111816406,1.14100003242492676,0,0,0,1.19299995899200439,0,0,0,0,2,0,0,10.3339996337890625,8.00800037384033203,0,0,0,1,3.32899999618530273,2.04999995231628418,0,8.21599960327148438,0,0
4,2.36800003051757812,0,0,0,0,0,28.6000003814697266,0,2,0,0,2.64700007438659668,0,8.62300014495849609,0,1.0140000581741333,1.14900004863739014,0,0,0,1.08299994468688965,1,0,0,0,2,0.13500000536441803,0,0,0.666999995708465576,0,0,0,0,3.12199997901916504,2.16700005531311035,0,7.0149998664855957,0,0
4.38199996948242188,2.20729994773864746,0,0,2,0,0,32.4000015258789062,0,1,2,0.254000008106231689,3.42600011825561523,0.544000029563903809,9.69200038909912109,2,0.976999998092651367,1.14300000667572021,0,0,0,1.1950000524520874,1,0,0,0,2.06599998474121094,0.00100000004749745131,0,11.2740001678466797,1.48899996280670166,0,0,2,1,3.33999991416931152,1.97599995136260986,1,7.92299985885620117,0,0
4.92999982833862305,2.69740009307861328,0,0,7,0,1,39.0999984741210938,0,0,11,0,3.5840001106262207,0.672999978065490723,10.2889995574951172,0,1.01199996471405029,1.14400005340576172,0,0,0,1.24199998378753662,2,0,0,0,2.3340001106262207,-0.00100000004749745131,0,0,2.21399998664855957,0,0,2,4,3.83500003814697266,2.40499997138977051,5,8.68200016021728516,0,0
5.02699995040893555,3.41359996795654297,0,0,0,0,4,40.9000015258789062,3,1,0,0,3.19300007820129395,0.861000001430511475,10.0839996337890625,4,0.982999980449676514,1.12300002574920654,0,0,0,1.26900005340576172,1,0,0,0,2.31800007820129395,0.0130000002682209015,0,0,0.984000027179718018,0,1,0,1,3.78399991989135742,2.26699995994567871,0,8.24199962615966797,0,0
4.84200000762939453,3.23550009727478027,0,0,0,0,0,41.2000007629394531,0,4,2,-2.29999995231628418,3.4590001106262207,1.25800001621246338,10.1359996795654297,6,1.0690000057220459,1.12699997425079346,0,0,0,1.1799999475479126,1,0,0,0,2.2780001163482666,0.00499999988824129105,0,20.5669994354248047,2.11299991607666016,0,0,3,2,3.77099990844726562,3.4719998836517334,1,8.55099964141845703,0,0
4.41400003433227539,3.28710007667541504,1,0,0,0,0,45.5,0,0,1,0,3.1099998950958252,0.801999986171722412,9.18299961090087891,0,1.01800000667572021,1.11600005626678467,0,0,0,1.32299995422363281,1,0,1,0,2.10100007057189941,-0.0810000002384185791,0,0,0.97500002384185791,0,0,2,0,3.86700010299682617,2.39700007438659668,1,8.38599967956542969,0,1
5.28999996185302734,3.47860002517700195,2,0,1,0,0,30,5,3,6,0,3.96300005912780762,1.95799994468688965,10.7700004577636719,8,1.00199997425079346,1.13600003719329834,0,0,0,1.2630000114440918,1,0,0,0,2.3599998950958252,0,0,0,3.19600009918212891,0,0,5,0,4.69899988174438477,2.22699999809265137,2,9.63300037384033203,0,0
5.07200002670288086,2.96770000457763672,0,0,0,0,2,38.0999984741210938,2,4,0,-0.941999971866607666,3.86299991607666016,2.34100008010864258,10.4350004196166992,12,1.0010000467300415,1.12899994850158691,0,0,0,1.20599997043609619,1,0,0,0,2.35100007057189941,0,0,23.8889999389648438,4.02299976348876953,0,0,0,0,3.79399991035461426,2.43300008773803711,0,8.73700046539306641,2,0
5.23600006103515625,3.84069991111755371,5,0,0,0,6,46.2000007629394531,0,1,0,0,5.01700019836425781,0.799000024795532227,10.4340000152587891,2,1.08599996566772461,1.05099999904632568,0,0,0,1.54200005531311035,1,1,0,0,2.41400003433227539,0.00400000018998980522,1,0,0.873000025749206543,0,6,0,1,6.98199987411499023,2.47900009155273438,0,13.1840000152587891,0,5
5.02600002288818359,2.92549991607666016,0,0,0,0,3,50,0,1,0,0,3.42499995231628418,0.896000027656555176,10.1379995346069336,3,0.987999975681304932,1.10399997234344482,0,0,0,1.31500005722045898,3,0,0,0,2.36500000953674316,-0.00200000009499490261,0,0,1.33899998664855957,0,1,0,0,3.88000011444091797,2.04200005531311035,0,8.52499961853027344,0,0
4,2.11420011520385742,0,0,0,0,0,29.3999996185302734,0,0,1,0,2.58500003814697266,0,8.62300014495849609,0,0.972000002861022949,1.15100002288818359,0,0,0,1.1380000114440918,1,0,0,0,2,0.112000003457069397,0,0,0.666999995708465576,0,0,2,1,3.03299999237060547,1.66700005531311035,1,6.82299995422363281,0,0
4.73199987411499023,2.16490006446838379,0,0,2,0,4,44.7999992370605469,0,0,4,0,3.61700010299682617,0.648000001907348633,10.3000001907348633,0,0.982999980449676514,1.12000000476837158,0,0,0,1.2929999828338623,2,0,0,0,2.27500009536743164,0,0,0,3.09500002861022949,0,2,4,4,3.6940000057220459,2.14400005340576172,2,8.63599967956542969,0,0
4.48099994659423828,3.86059999465942383,0,0,0,0,0,36,0,0,3,0,3.13499999046325684,1.89499998092651367,9.29199981689453125,0,0.971000015735626221,1.13600003719329834,0,0,0,1.28499996662139893,0,0,0,0,2.07399988174438477,-0.0240000002086162567,0,0,2.01999998092651367,0,0,3,0,3.25699996948242188,2.15000009536743164,1,7.74599981307983398,0,0
5.23600006103515625,3.80739998817443848,0,0,0,1,0,23.7999992370605469,3,2,1,0,2.8900001049041748,1.40600001811981201,9.96700000762939453,4,1.00300002098083496,1.16199994087219238,0,0,0,1.06599998474121094,0,0,0,0,2.18899989128112793,-0.0780000016093254089,0,0,1.30900001525878906,0,0,3,4,3.31100010871887207,2.96900010108947754,1,7.36999988555908203,0,0
4.73199987411499023,3.16569995880126953,0,0,0,0,3,42.9000015258789062,3,0,0,0,3.07500004768371582,0.880999982357025146,9.80300045013427734,0,0.967000007629394531,1.11899995803833008,0,0,0,1.33099997043609619,1,0,0,0,2.23600006103515625,-0.0230000000447034836,0,0,0.949999988079071045,0,0,0,0,3.69000005722045898,1.8890000581741333,0,8.08199977874755859,0,0
5.23600006103515625,2.89369988441467285,6,0,0,0,0,33.2999992370605469,0,0,0,0,5.03100013732910156,0.799000024795532227,10.4340000152587891,0,1.0429999828338623,1.09099996089935303,0,0,0,1.53400003910064697,1,1,1,0,2.41400003433227539,0.00400000018998980522,1,0,0.873000025749206543,0,0,0,0,6.95100021362304688,2.15499997138977051,0,13.1789999008178711,0,6
5.14900016784667969,1.85590004920959473,0,0,0,0,3,40,0,1,0,0,3.78299999237060547,0.446999996900558472,10.6420001983642578,4,0.973999977111816406,1.125,0,0,0,1.23800003528594971,3,0,0,0,2.41100001335144043,0,0,0,2.81399989128112793,2,1,0,1,3.76699995994567871,1.82500004768371582,0,8.57900047302246094,0,0
5.34999990463256836,2.01880002021789551,4,0,0,0,12,53.2999992370605469,0,7,0,-5.13500022888183594,4.69999980926513672,0.898999989032745361,11.5240001678466797,18,1.06200003623962402,1.09200000762939453,0,0,0,1.29700005054473877,6,0,1,0,2.52200007438659668,0,0,49.6389999389648438,5.02699995040893555,0,4,0,2,4.17999982833862305,2.93199992179870605,0,10.0939998626708984,2,4
5.04699993133544922,2.24769997596740723,1,0,2,0,4,52.2000007629394531,0,0,4,0,3.67799997329711914,0,10.3999996185302734,0,0.987999975681304932,1.09000003337860107,0,0,0,1.36600005626678467,6,0,0,1,2.41400003433227539,0,0,0,1.44299995899200439,0,4,4,1,4.04600000381469727,1.92900002002716064,1,8.93299961090087891,0,0
5.31300020217895508,3.3759000301361084,1,0,2,0,2,35,1,2,2,0,3.48399996757507324,1.15999996662139893,10.3879995346069336,4,1.01800000667572021,1.125,0,0,0,1.26999998092651367,1,0,0,0,2.31100010871887207,-0.00800000037997961044,0,21.444000244140625,1.83299994468688965,0,1,1,2,4.72499990463256836,2.93199992179870605,1,9.49600028991699219,0,0
4.41400003433227539,3.41680002212524414,0,0,0,0,0,28.6000003814697266,4,1,0,0,2.72000002861022949,1.37899994850158691,9.2220001220703125,0,0.976999998092651367,1.14800000190734863,0,0,0,1.1799999475479126,0,0,0,0,2,0.123999997973442078,0,0,2.13299989700317383,0,0,0,0,3.18899989128112793,2.02399992942810059,0,7.19799995422363281,0,0
4.75,2.05150008201599121,0,0,5,0,3,40.9000015258789062,3,0,7,0,3.85899996757507324,1.49100005626678467,10.5360002517700195,0,0.976000010967254639,1.1260000467300415,0,0,0,1.28199994564056396,2,0,0,1,2.28500008583068848,0,0,0,4.36100006103515625,0,3,8,2,3.68899989128112793,1.90799999237060547,2,8.76500034332275391,0,0
5.42000007629394531,3.23990011215209961,0,0,0,4,2,34.5,10,4,0,0,4.00899982452392578,1.91199994087219238,11.4110002517700195,16,0.987999975681304932,1.13600003719329834,0,0,0,1.20599997043609619,1,0,0,0,2.40899991989135742,0,0,0,4.53599977493286133,0,0,0,0,3.75300002098083496,2.0969998836517334,0,8.930999755859375,0,0
5.0970001220703125,2.99650001525878906,0,0,6,0,4,45.5,0,0,6,0,3.42899990081787109,0.730000019073486328,10.2650003433227539,0,0.987999975681304932,1.12100005149841309,0,0,0,1.30099999904632568,3,0,0,0,2.3900001049041748,-0.00200000009499490261,0,0,1.12800002098083496,0,2,4,4,3.9179999828338623,2.2219998836517334,2,8.57699966430664062,0,0
4.64099979400634766,3.08529996871948242,0,0,0,0,2,44.4000015258789062,0,2,0,0,3.23300004005432129,1.26100003719329834,9.71399974822998047,4,1.01100003719329834,1.11600005626678467,0,0,0,1.2489999532699585,1,0,0,0,2.21399998664855957,0.0140000004321336746,0,10.1649999618530273,1.78299999237060547,0,1,0,0,3.66400003433227539,2.58299994468688965,0,8.19200038909912109,0,0
5.28999996185302734,3.47860002517700195,2,0,1,0,0,30,5,3,6,0,3.96300005912780762,1.95799994468688965,10.7700004577636719,8,1.00199997425079346,1.13600003719329834,0,0,0,1.2630000114440918,1,0,0,0,2.3599998950958252,0,0,0,3.19600009918212891,0,0,5,0,4.69899988174438477,2.22699999809265137,2,9.63300037384033203,0,0
3.97300004959106445,2.87890005111694336,1,0,0,0,0,31.6000003814697266,2,0,0,0,3.74399995803833008,3.30100011825561523,9.64900016784667969,0,0.962999999523162842,1.13699996471405029,0,0,0,1.23800003528594971,0,0,0,0,1.97500002384185791,0,0,0,7.71799993515014648,0,0,0,0,3.34899997711181641,1.61699998378753662,0,8.20199966430664062,0,0
4.92299985885620117,3.24569988250732422,0,0,0,0,2,44.4000015258789062,1,2,0,-0.862999975681304932,3.23900008201599121,1.18499994277954102,9.91100025177001953,4,1.01100003719329834,1.11600005626678467,0,0,0,1.24800002574920654,1,0,0,0,2.26699995994567871,0.0140000004321336746,0,10.4219999313354492,1.56299996376037598,0,0,0,1,3.73000001907348633,2.79999995231628418,0,8.27999973297119141,0,0
5.02600002288818359,2.92549991607666016,0,0,0,0,3,50,0,1,0,0,3.42499995231628418,0.896000027656555176,10.1379995346069336,3,0.987999975681304932,1.10399997234344482,0,0,0,1.31500005722045898,3,0,0,0,2.36500000953674316,-0.00200000009499490261,0,0,1.33899998664855957,0,1,0,0,3.88000011444091797,2.04200005531311035,0,8.52499961853027344,0,0
4,2.28570008277893066,0,0,0,0,0,40,0,0,0,0,2.91400003433227539,0,8.90799999237060547,0,0.964999973773956299,1.125,0,0,0,1.29499995708465576,1,0,0,0,2,0.0390000008046627045,0,0,0.853999972343444824,0,0,0,0,3.23300004005432129,1.75,0,7.48199987411499023,0,0
4.73199987411499023,2.16490006446838379,0,0,2,0,4,44.7999992370605469,0,0,4,0,3.61700010299682617,0.648000001907348633,10.3000001907348633,0,0.982999980449676514,1.12000000476837158,0,0,0,1.2929999828338623,2,0,0,0,2.27500009536743164,0,0,0,3.09500002861022949,0,2,4,4,3.6940000057220459,2.14400005340576172,2,8.63599967956542969,0,0
4.84200000762939453,3.23550009727478027,0,0,0,0,0,41.2000007629394531,0,4,2,-2.29999995231628418,3.4590001106262207,1.25800001621246338,10.1359996795654297,6,1.0690000057220459,1.12699997425079346,0,0,0,1.1799999475479126,1,0,0,0,2.2780001163482666,0.00499999988824129105,0,20.5669994354248047,2.11299991607666016,0,0,3,2,3.77099990844726562,3.4719998836517334,1,8.55099964141845703,0,0
5.49499988555908203,2.74850010871887207,0,0,0,4,8,38.7000007629394531,12,2,0,0,4.27400016784667969,1.05900001525878906,11.7200002670288086,8,0.97500002384185791,1.12699997425079346,0,0,0,1.27100002765655518,2,0,0,0,2.49399995803833008,0,0,0,3.87899994850158691,0,2,0,2,3.89499998092651367,2.05900001525878906,0,9.31799983978271484,0,0
4.95300006866455078,3.28959989547729492,0,0,1,0,2,40,0,2,3,-0.90700000524520874,3.32399988174438477,1.27300000190734863,9.97500038146972656,4,1.01499998569488525,1.12899994850158691,0,0,0,1.21399998664855957,1,0,0,0,2.28800010681152344,-0.00800000037997961044,0,10.5410003662109375,1.60199999809265137,0,1,2,2,3.73600006103515625,2.77300000190734863,1,8.32400035858154297,0,0
4.56199979782104492,3.18309998512268066,2,0,0,0,2,50,0,0,0,0,3.37299990653991699,0.875,9.53999996185302734,0,1.02499997615814209,1.09399998188018799,0,0,0,1.37199997901916504,1,0,1,0,2.17000007629394531,0.0450000017881393433,0,0,1.13999998569488525,0,2,0,0,3.95499992370605469,2.4440000057220459,0,8.79199981689453125,0,2
5.31300020217895508,3.4000999927520752,1,0,0,0,2,36.7999992370605469,1,3,0,0,3.49300003051757812,1.15999996662139893,10.3879995346069336,6,1.03100001811981201,1.11600005626678467,0,0,0,1.25699996948242188,1,0,0,0,2.31100010871887207,-0.00800000037997961044,0,20.9990005493164062,1.83299994468688965,0,1,0,1,4.7350001335144043,3.11400008201599121,0,9.50599956512451172,0,0
5.25600004196166992,2.61570000648498535,0,0,0,1,0,34.5999984741210938,3,1,0,0.448000013828277588,3.13299989700317383,0.861000001430511475,10.3350000381469727,2,0.976999998092651367,1.13600003719329834,0,0,0,1.25199997425079346,1,0,0,0,2.32699990272521973,0.0120000001043081284,0,11.0889997482299805,1.03699994087219238,1,0,0,0,3.49699997901916504,2.17499995231628418,0,7.91400003433227539,0,0
5.56300020217895508,4.61579990386962891,0,0,9,1,6,33.2999992370605469,5,6,12,0,4.01800012588500977,1.15299999713897705,11.1510000228881836,12,1.04400002956390381,1.14600002765655518,0,3,0,1.21399998664855957,1,0,0,0,2.54600000381469727,0,0,67.4690017700195312,1.40600001811981201,0,3,6,0,4.09200000762939453,3.29800009727478027,3,9.375,0,0
4.75,2.05150008201599121,0,0,5,0,3,40.9000015258789062,3,0,7,0,3.85899996757507324,1.49100005626678467,10.5360002517700195,0,0.976000010967254639,1.1260000467300415,0,0,0,1.28199994564056396,2,0,0,1,2.28500008583068848,0,0,0,4.36100006103515625,0,3,8,2,3.68899989128112793,1.90799999237060547,2,8.76500034332275391,0,0
3,1.98080003261566162,2,0,0,0,0,20,1,0,0,0,2.77099990844726562,0.917999982833862305,6.59399986267089844,0,1.08299994468688965,1.14400005340576172,0,0,0,1.3059999942779541,0,0,0,0,1.41400003433227539,0.870000004768371582,0,0,1.33299994468688965,0,0,0,0,3.81299996376037598,3.24099993705749512,0,8.22500038146972656,0,2
4.30299997329711914,3.68449997901916504,1,0,0,0,0,15.3999996185302734,0,3,0,0,2.91700005531311035,1.45899999141693115,8.81499958038330078,4,1.03799998760223389,1.15499997138977051,0,0,0,1.17200005054473877,0,0,0,0,1.93200004100799561,-0.263999998569488525,0,9.92099952697753906,1.74500000476837158,0,0,0,0,4.19000005722045898,3.15400004386901855,0,8.63399982452392578,0,0
4.97700023651123047,1.89750003814697266,0,0,0,0,0,31.6000003814697266,1,6,0,-0.335999995470046997,4.19000005722045898,3.86599993705749512,10.7349996566772461,9,0.990999996662139893,1.14199995994567871,0,0,0,1.15699994564056396,1,0,0,0,2.36100006103515625,0,0,11.7559995651245117,10.5930004119873047,0,0,0,3,3.49699997901916504,2.26699995994567871,0,8.72700023651123047,0,0
4.64400005340576172,1.66960000991821289,0,0,2,0,0,31.7999992370605469,1,1,4,0.13500000536441803,3.93700003623962402,4.11999988555908203,10.2220001220703125,3,0.972999989986419678,1.14400005340576172,0,0,0,1.17499995231628418,1,0,0,0,2.3059999942779541,0,0,11.3809995651245117,9.52000045776367188,0,0,1,1,3.53200006484985352,1.8190000057220459,2,8.48499965667724609,0,0
5.64599990844726562,4.76009988784790039,4,0,0,2,0,25,2,0,0,0,3.64700007438659668,0.81099998950958252,10.505000114440918,0,1.24600005149841309,1.21300005912780762,0,0,2,1.21599996089935303,0,0,0,0,2.30299997329711914,-0.0939999967813491821,0,0,1.41100001335144043,0,0,0,0,4.28100013732910156,4.36800003051757812,0,9.23299980163574219,0,6
4.91900014877319336,1.13870000839233398,0,0,2,0,4,41,0,4,8,0,4.32200002670288086,0,11.1289997100830078,0,0.998000025749206543,1.125,0,0,0,1.20399999618530273,6,0,0,0,2.39899992942810059,0,0,0,5.53800010681152344,0,2,8,0,3.73099994659423828,1.91900002956390381,2,9.36600017547607422,0,0
