0,0,0,0,0,0,0,0,0,0,0,0,0,0,0,0,0,0,2.02999997138977051,0,0,0,0,0,2.52999997138977051,2.52999997138977051,1.51999998092651367,0,0,0,0,0,1.00999999046325684,0,0,0,0.5,0,0.5,0,0,0,0.5,3.03999996185302734,0.5,0,0,0,0.0939999967813491821,0,0.0939999967813491821,0.0939999967813491821,0,0,1.25999999046325684,12,63
0,0,0,0,0,0,0,0,0,0,0,0,0,0,0,0,0,0,0,0,0,0,0,0,0,0,0,9.09000015258789062,0,0,0,0,0,0,0,0,0,0,0,0,0,0,0,0,0,0,0,0,0,1.15299999713897705,0,0,0,0,3.79999995231628418,23,38
0,0,0,0,0,0,0,0,0,0,0,2.15000009536743164,0,0,0,0,0,0,1.0700000524520874,0,0,0,0,0,5.36999988555908203,1.0700000524520874,0,0,3.22000002861022949,0,1.0700000524520874,0,0,0,0,0,1.0700000524520874,0,0,0,0,3.22000002861022949,1.0700000524520874,0,0,0,0,0,0,0.388000011444091797,0.194000005722045898,0,0,0.194000005722045898,2.6659998893737793,13,104
0,0,0,0,0,0,0,0,0,0,0,0,0,0,0,0,0,0,0,0,0,0,0,0,0,0,20,0,0,0,0,0,0,0,0,0,0,0,0,0,0,0,0,0,0,0,0,0,0,0,0,0,0,0,1.5,3,6
0,0,0,0,0,0,0,0,0,0,0.379999995231628418,0.189999997615814209,0,0,0,0,0,0,1.33000004291534424,0,0.379999995231628418,0,0,0,0.189999997615814209,0,0,0,0,0,0,0,0,0,0,0,0,0,0,0.189999997615814209,0,0,0,0,0,0,0,0,0,0.153999999165534973,0,0.0299999993294477463,0,0.0299999993294477463,2.85199999809265137,12,388
0,0,0,0,0,0.0500000007450580597,0,0.340000003576278687,0,0,0.109999999403953552,0.810000002384185791,0.0500000007450580597,0.109999999403953552,0,0,0.75,0,0,0,0,0,0.0500000007450580597,0,1.15999996662139893,0,0,0,0,0,0,0,0.0500000007450580597,0,0,0.230000004172325134,0.0500000007450580597,0,0,0,0,0,0,0,0,0,0,0,0.282999992370605469,0.107000000774860382,0,0,0.0529999993741512299,0,1.86399996280670166,32,910
1.16999995708465576,0,0,0,0,0,0,0,0,0,0,0,0,1.16999995708465576,0,0,0,0,0,0,0,0,0,0,0,0,0,0,0,0,0,0,0,0,0,0,0,0,0,0,0,0,0,0,0,0,0,0,0,0,0,0,0,0,1.60699999332427979,8,45
0,0,0.800000011920928955,0,2.42000007629394531,0,0,0,0,0,0,0.400000005960464478,0,0,0,0,0,0.400000005960464478,5.26000022888183594,0,1.61000001430511475,0,0,0,0.400000005960464478,0.400000005960464478,0,0,0,0,0,0,0,0,0,0,0,0,0,0,0,0,0,0,1.61000001430511475,0,0,0,0,0,0,0.27000001072883606,0,0,2.3599998950958252,35,59
0.109999999403953552,0,0.109999999403953552,0,0.109999999403953552,0.109999999403953552,0,0,1.02999997138977051,0,0,0.340000003576278687,0,0,0,0,0,0,0.449999988079071045,0,0.219999998807907104,0,0,0,0.569999992847442627,0.680000007152557373,0.109999999403953552,0,0,0,0,0,0.340000003576278687,0,0,0,0.219999998807907104,0,0,0,0,0,0,0,0,0,0,0,0.0780000016093254089,0.171000003814697266,0.0309999994933605194,0,0.0309999994933605194,0,3.40700006484985352,41,535
0,0,0,0,0,0,0,0,1.35000002384185791,0,0,0,0,0,0,0,0,0,2.70000004768371582,0,2.70000004768371582,0,0,0,0,0,0,0,0,0,0,0,0,0,0,0,0,0,0,0,0,0,0,0,0,0,0,0,0,0,0,0.635999977588653564,0,0,3.80900001525878906,28,80
0.449999988079071045,0,0.670000016689300537,0,0.219999998807907104,0.670000016689300537,0,0.670000016689300537,0.219999998807907104,0.219999998807907104,0.219999998807907104,1.35000002384185791,0,0,0,0.449999988079071045,1.35000002384185791,0.219999998807907104,1.5700000524520874,1.5700000524520874,3.36999988555908203,0,0.219999998807907104,0.670000016689300537,0,0,0,0,0,0,0,0,0,0,0,0,0,0,0,0,0,0,0,0,0,0,0,0,0,0.111000001430511475,0,1.59899997711181641,0.148000001907348633,0,4.94700002670288086,102,564
0.879999995231628418,0,0,0,0,0,0,0,0,1.75999999046325684,0,0,0,0,0,0,0,0,1.75999999046325684,0,0,0,0,0,0,0,0,0,0,0,0,0,0,0,0,0,0.879999995231628418,0,0,0,0,0.879999995231628418,0,0,0.879999995231628418,1.75999999046325684,0,0,0,0.125,0,0.125,0,0,1.6809999942779541,5,37
0,0,0,0,0,0,0,0,0,0.680000007152557373,0,0,0,0,0,0,0,0,1.37000000476837158,0,0,0,0,0,0,0,0.680000007152557373,0,0,0,0,0,0,0,0,0,0.680000007152557373,0,0.680000007152557373,0,0,0,0.680000007152557373,0,0,0,0,0,0,0,0,0,0,0,1.48800003528594971,12,64
0.0900000035762786865,0.490000009536743164,0.589999973773956299,0,0.389999985694885254,0.189999997615814209,0,0,0.0900000035762786865,0.389999985694885254,0,1.5700000524520874,0.189999997615814209,0,0,0,0.0900000035762786865,0,3.74000000953674316,0.0900000035762786865,1.08000004291534424,0,0,0.0900000035762786865,0,0,0,0,0,0,0,0,0,0,0,0,0,0,0,0,0,0,0,0,0,0,0,0,0.764999985694885254,0.0370000004768371582,0,5.82800006866455078,1.30799996852874756,0,6.04699993133544922,54,768
0,0,1.80999994277954102,0,2.00999999046325684,0,0,0,0,0,0.200000002980232239,0,0,0,0,0.400000005960464478,0,0.200000002980232239,3.61999988555908203,0,0.800000011920928955,0,0,0,0,0,0,0,0,0,0,0,0,0,0,0,0,0,0,0,0,0,0,0,0.400000005960464478,0,0,0,0,0,0,0.300999999046325684,0,0,1.57599997520446777,17,164
0.529999971389770508,0,1.0700000524520874,0,0.529999971389770508,0,1.0700000524520874,0,0,0,0,0.529999971389770508,0,0,0,0.529999971389770508,0.529999971389770508,0,4.30000019073486328,0,1.0700000524520874,0,1.61000001430511475,0,0,0,0,0,0,0,0,0,0,0,0,0,0,0,0,0,0,0,0,0,0.529999971389770508,0,0,0,0,0,0,1.18299996852874756,0.252999991178512573,0,5.45399999618530273,68,180
0.490000009536743164,0,0,0,0.490000009536743164,0.490000009536743164,0,0.490000009536743164,0,0,0,0.490000009536743164,0.990000009536743164,0,0,0,0,0,0.490000009536743164,0,0,0,0,0,2.48000001907348633,0.990000009536743164,0,0,0.990000009536743164,0.990000009536743164,0,0,0,0,0,0.490000009536743164,0.490000009536743164,0,0,0,0,0,0,0,0,0,0,0.490000009536743164,0,0.144999995827674866,0,0,0,0,1.64100003242492676,10,87
0.27000001072883606,0.0500000007450580597,0.100000001490116119,0,0,0,0,0,0,0,0,0.47999998927116394,0,0,0,0,0,0.100000001490116119,0.970000028610229492,0,0.100000001490116119,3.47000002861022949,0,0,0,0,0,0,0,0,0,0,0,0,0,0,0.27000001072883606,0,0,0,0,0,0,0,0,0.759999990463256836,0,0,0.606999993324279785,0.0640000030398368835,0.0359999984502792358,0.0549999997019767761,0,0.202000007033348083,3.76600003242492676,43,1789
0,0,0,0,0,0,0,0,0,4.25,0,0,0,0,0,0,0,0,0,0,0,0,0,0,0,0,0,0,0,0,0,0,0,0,0,0,0,0,0,0,0,0,0,0,0,0,0,0,0.287000000476837158,0,0,0,0,0,4.33300018310546875,13,78
0,0,0.810000002384185791,0,1.62999999523162842,0,0,0,0,0,0,0,0,0,0,0,0,0,0.810000002384185791,0,0,0,0,0,0,0,0.810000002384185791,0,0,0,0,0,0,0,0,0,0,0.810000002384185791,0,0,0,0,0,0,0,0,0,0,0,0,0,0,0,0,1.09000003337860107,2,12
0,0,0,0,0,0,0,0,0,0,0,0,0,0,0,0,0,0,2.17000007629394531,0,2.17000007629394531,0,0,0,0,0,0,0,0,0,0,0,0,0,0,0,0,0,0,0,0,0,0,0,0,0,0,0,0,0,0,0.41100001335144043,0,0,4.30700016021728516,15,56
0,0,0.720000028610229492,0,0.720000028610229492,0,0.720000028610229492,0,0,0,0,0,0.720000028610229492,0,0,0,0,0,1.45000004768371582,0,1.45000004768371582,0,0,0.720000028610229492,0,0,0,0,0,0,0,0,0,0,0,0,0,0,0,0,0,0,0,0,0,0,0,0,0,0.363999992609024048,0,0.728999972343444824,0.120999999344348907,0,7.78100013732910156,32,249
0,0,0,0,0,0,0,0,0,0,0,0,0,0,0,1.02999997138977051,0,0,3.08999991416931152,0,0,0,0,0,0,0,0,0,0,0,0,0,0,0,0,0,0,0,0,0,0,0,0,0,1.02999997138977051,1.02999997138977051,0,0,0,0,0,0,0,0,2.84299993515014648,47,91
0,0,0,0,0,0,0,0,0,0,0,0,0,0,0,0,0,0,1.33000004291534424,0,1.33000004291534424,0,0,0,4,0,0,0,0,0,0,0,0,0,0,0,0,0,0,0,0,0,0,0,0,0,0,0,0.210999995470046997,0,0,0.210999995470046997,0,0,1.37999999523162842,4,29
0.140000000596046448,0.289999991655349731,0.439999997615814209,0,0.879999995231628418,0.289999991655349731,0,0,1.47000002861022949,1.47000002861022949,0.140000000596046448,1.90999996662139893,0.289999991655349731,0,0.579999983310699463,0.289999991655349731,0,1.62000000476837158,2.34999990463256836,0.140000000596046448,2.34999990463256836,0,0.730000019073486328,0.289999991655349731,0,0,0,0,0,0,0,0,0,0,0,0,0,0,0,0,0,0,0,0,0,0,0,0,0,0.0230000000447034836,0,1.00300002098083496,0.215000003576278687,0.0469999983906745911,6.60200023651123047,217,898
0,0,0,0,0,0,0,0,0,0,0,0,0.620000004768371582,0,0,0,0,0,3.75,0,0.620000004768371582,0,0,0,0,0,0,0,0,0,0,0,0,0,0,0,0,0,0,0,0,0,0,0,1.25,1.87000000476837158,0,0,0,0,0,0,0,0,2.70399999618530273,47,119
0,0,0,0,0,0,0,0,0,0,0,0.639999985694885254,0,0,0,0,0,0,1.27999997138977051,0,0,0,0,0,0,0,0,0,0,0,0,0,0,0,0,0,1.91999995708465576,0,1.91999995708465576,0,1.91999995708465576,0,1.91999995708465576,0,1.91999995708465576,1.91999995708465576,0,0,0.393999993801116943,0.0979999974370002747,0.294999986886978149,0,0,0,1.81299996376037598,13,107
0,0.759999990463256836,0,0,0,0,0,0,0.569999992847442627,0.189999997615814209,0,0,0,0,0,0.569999992847442627,0,0.189999997615814209,0.189999997615814209,0.379999995231628418,0.569999992847442627,10.1700000762939453,0,0,0,0,0,0,0,0,0,0,0.189999997615814209,0,0,0,0,0.189999997615814209,0,0,0,0,0,0,0,0,0,0,0,0.098999999463558197,0,0.231999993324279785,0.0659999996423721313,0.927999973297119141,20.4319992065429688,213,1655
0,0.0900000035762786865,0.140000000596046448,0,1.03999996185302734,0.0900000035762786865,0.0900000035762786865,0,0.790000021457672119,0,0.0399999991059303284,0.289999991655349731,0.189999997615814209,0,0,0,0.140000000596046448,0.0399999991059303284,1.52999997138977051,0.23999999463558197,1.23000001907348633,0,0.289999991655349731,0.0399999991059303284,0,0,0,0,0,0,0,0,0,0,0,0,0,0,0,0,0,0,0.0399999991059303284,0,0.0399999991059303284,0,0,0,0.0149999996647238731,0.11900000274181366,0.00700000021606683731,0.430999994277954102,0.111000001430511475,0,3.36999988555908203,87,1645
0,0,0,0,0,0,0,0,0,0,0,3.56999993324279785,0,0,0,0,1.77999997138977051,0,0,0,0,0,0,0,1.77999997138977051,1.77999997138977051,0,0,0,0,0,0,0,0,0,0,1.77999997138977051,0,0,0,0,0,0,3.56999993324279785,0,0,0,0,0,0,0,0,0,0,1.72000002861022949,11,43
0,0,0,0,0,0,0,0,0,0,0,0,0,0,0,0,0,0,2.84999990463256836,0,0,0,0,0,0,0,0,0,0,0,0,0,0,0,0,0,2.84999990463256836,0,0,0,0,0,0,0,2.84999990463256836,2.84999990463256836,0,0,0,0.472999989986419678,0,2.84299993515014648,0,0,1.29400002956390381,5,22
0,0,0.689999997615814209,0,0,0,0,0,0,0,0,1.38999998569488525,0,0,0,0,0,0,0,0,0,0,0,0,2.78999996185302734,0,0,0,0,0,0,0,0.689999997615814209,0,0,0,0,0,0,0,0,0,0,1.38999998569488525,0,0,0,0,0,0,0,0,0,0,1.26800000667572021,4,52
0.0700000002980232239,0,0.219999998807907104,0,0.0299999993294477463,0.0700000002980232239,0,0,0.0299999993294477463,0.219999998807907104,0,0.709999978542327881,0.0299999993294477463,0,0,0.0299999993294477463,0,0,0.89999997615814209,0,0.560000002384185791,0,0,0,1.58000004291534424,0.259999990463256836,0,0.109999999403953552,0.109999999403953552,0.109999999403953552,0.180000007152557373,0,0.0299999993294477463,0,0.219999998807907104,0.0700000002980232239,0.180000007152557373,0,0,0.0299999993294477463,0,0,0,0,0,0,0,0.0299999993294477463,0.0280000008642673492,0.0780000016093254089,0,0.0280000008642673492,0.0160000007599592209,0,1.76499998569488525,20,1356
0,0,0.779999971389770508,0,0,0,0,0,0,0,0,0,0.779999971389770508,0,0,0,0,0,0,0,0.779999971389770508,0,0,0,0,0,0.779999971389770508,0,0,0,0,0,0,0,0,0,0,0,0,0,0,0,0,0,0.779999971389770508,0,0,0,0,0.400999993085861206,0,0.133000001311302185,0,0,1.56500005722045898,4,36
0.430000007152557373,0.400000005960464478,0.370000004768371582,0,0.150000005960464478,0.0900000035762786865,0.0599999986588954926,0.119999997317790985,0.5,0.970000028610229492,0.25,0.689999997615814209,0.400000005960464478,1.05999994277954102,0.0299999993294477463,0.150000005960464478,0.25,0,2.56999993324279785,0,1.40999996662139893,1.27999997138977051,0.310000002384185791,0.560000002384185791,0,0,0,0,0,0,0,0,0,0,0,0,0,0,0,0,0,0,0,0,0.0599999986588954926,0,0,0,0.0309999994933605194,0.12200000137090683,0.00999999977648258209,0.344999998807907104,0.419999986886978149,0.26600000262260437,8.01599979400634766,178,3303
0,0,0,0,0,0,0,0,0,0,0,0,0,0,0,0,0,0,0,0,0,0,0,0,0,0,0,0,0,0,0,0,0,0,0,0,0,0,0,0,0,3.83999991416931152,0,0,3.83999991416931152,0,0,0,0,0,0,0,0,0,1,1,4
0.259999990463256836,0,0,0,0,0.259999990463256836,0,0,0.259999990463256836,0,0,0.779999971389770508,0,0,0,0,0,0,0,0,0,0,0,0,0,0,0,0,0,0,0,0,2.34999990463256836,0,0,0,0,0,0,0,0.259999990463256836,0,0,0,0,0.519999980926513672,0,0,0,0.0329999998211860657,0,0,0,0,2.92100000381469727,61,111
0,0,0.709999978542327881,0,0.709999978542327881,0,0,0,0,0,0,0,0,0,0,0.709999978542327881,0,0,1.41999995708465576,0,0.709999978542327881,0,0,0,0,0,0,0,0,0,0,0,0,0,0,0,0,0,0,0,0,0,0,0,0.709999978542327881,0,0,0,0,0.120999999344348907,0,1.09399998188018799,0,0,2.02099990844726562,16,95
0.219999998807907104,0.219999998807907104,0.219999998807907104,0,1.76999998092651367,0.219999998807907104,0.439999997615814209,0.439999997615814209,0.219999998807907104,2.88000011444091797,0,0.879999995231628418,0.219999998807907104,0,1.10000002384185791,0.439999997615814209,0,0.439999997615814209,3.31999993324279785,0,3.31999993324279785,0,0.439999997615814209,0.439999997615814209,0,0,0,0,0,0,0,0,0,0,0,0,0,0,0,0.439999997615814209,0,0,0,0,0,0,0,0,0,0,0,0.587999999523162842,0.156000003218650818,0,86.6999969482421875,1038,1734
0,0,0,0,0.680000007152557373,0,2.03999996185302734,0,0,0,0,0,0,0,0,0,0,2.03999996185302734,1.36000001430511475,0.680000007152557373,2.03999996185302734,0,0,0,0,0,0,0,0,0,0,0,0,0,0,0,0,0,0,0,0,0,0,0,0,0,0,0,0,0,0,0.308999985456466675,0,0,2.11100006103515625,14,95
0,0,0,0,0,0,0,0,0,0,0,2.90000009536743164,0,0,0,0.579999983310699463,0,0,0,0,1.74000000953674316,0,0,0,2.31999993324279785,0,0,0,0,3.48000001907348633,0,0,0,0,0,0,0.579999983310699463,0,0,0,0,0,0,0,0,0,0,0,0,0.165000006556510925,0,0,0,0,1.70000004768371582,12,68
0,0,0,0,0,0,0,0,0,0,0,0,0,0,0,0,0,0,4.44000005722045898,0,0,0,0,0,0,0,0,0,0,0,0,0,0,0,0,0,0,0,0,0,0,0,0,0,0,0,0,0,0,0,0,0.833000004291534424,0,0,1.375,3,11
0,0,0.589999973773956299,0.109999999403953552,0,0,0,0,0.109999999403953552,0.230000004172325134,0,0.109999999403953552,0,0,0,0.109999999403953552,0,0,0.949999988079071045,0,0.469999998807907104,0,0,0,0.230000004172325134,0,0.709999978542327881,0,0,0,0,0,0,0.109999999403953552,0,0.469999998807907104,0,0,0,0,0,0,0,0,0,0,0,0,0.226999998092651367,0.321999996900558472,0.112999998033046722,0.0560000017285346985,0.0750000029802322388,0,2.54600000381469727,38,601
0,0,0,0,0,0,0,0,0,0,0,1.62999999523162842,0,0,0,0,0,0,6.55000019073486328,0,0,0,0,0,0,0,0,0,0,0,0,0,0,0,0,0,0,0,0,0,0,0,0,0,1.62999999523162842,0,0,0,0,0,0,0,0,0,1.33299994468688965,4,20
0,0,0.75,0,0.75,0,0.5,0.25,0,1.00999999046325684,0,0.25,1.50999999046325684,0,0.75,0,0,1.50999999046325684,2.01999998092651367,0,1.50999999046325684,0,0.75,0,0,0,0,0,0,0,0,0,0,0,0,0,0,0,0,0.5,0,0,0,0,0,0,0,0,0,0.0780000016093254089,0,0.432000011205673218,0.432000011205673218,0,2.375,19,247
0,0,0,0,0,0,0,0,0,18.1800003051757812,0,0,0,0,0,0,0,0,0,0,0,0,0,0,0,0,0,0,0,0,0,0,0,0,0,0,0,0,0,0,0,0,0,0,0,0,0,0,0,0,0,0,0,0,20,39,40
0,0,0,0,0,0,0,0,0,0,0,0,0,0,0,0,0,0,0,0,0,0,0,0,0,0,0,0,0,0,0,0,0,0,0,0,0,0,0,0,0,0,0,0,2.5,0,0,0,0,0,0,0,0,0,1.33299994468688965,3,12
0,0,0,0,0,0,1.0700000524520874,0,0,0,0,0,0,0,0,2.15000009536743164,0,0,0,0,2.15000009536743164,0,0,0,0,0,0,0,0,0,0,0,0,0,0,0,0,0,0,1.0700000524520874,0,0,0,0,0,0,0,0,0,0,0,0.144999995827674866,0.437000006437301636,0.291000008583068848,1.82299995422363281,10,62
0,0,0,0,0.27000001072883606,0,0,0.27000001072883606,0,0,0,0.27000001072883606,1.90999996662139893,0,0.27000001072883606,0.27000001072883606,0,0.540000021457672119,0,0,0,0,0,0,0.27000001072883606,0.27000001072883606,0,0.540000021457672119,0,0.27000001072883606,0,0,0,0,0,0,0,0,0,0,0,0,0,0,0,0.27000001072883606,0,0,0.0390000008046627045,0.116999998688697815,0,0,0,0,2.51999998092651367,55,189
0,0,0,0,0,0,0,0,0,0,0,0,0,0,0,0,0,0,0.800000011920928955,0,0,0,0,0.800000011920928955,0,0,0.800000011920928955,0,0,0,0,0,0,0,0,0,0,0,0,0,0,0,0,0.800000011920928955,0.800000011920928955,0,0,0,0,0,0,0,0.264999985694885254,0,1.34700000286102295,3,31
0,0.349999994039535522,0.349999994039535522,0,1.0700000524520874,0,0,0.349999994039535522,0,1.0700000524520874,0,0.709999978542327881,0,0,0,0,0.709999978542327881,0.709999978542327881,2.84999990463256836,0,2.5,0,1.41999995708465576,0,0,0,0,0,0,0,0,0,0,0,0,0,0,0,0,0.349999994039535522,0,0,0,0,0.349999994039535522,0,0,0,0,0.23999999463558197,0,0.23999999463558197,0.23999999463558197,0,3.41400003433227539,25,140
0,0,0,0,0,0,0,0,0,0,0,0,0,0,0,0,0,0,3.38000011444091797,0,1.69000005722045898,0,0,0,1.69000005722045898,1.69000005722045898,1.69000005722045898,0,0,0,0,0,0,0,0,0,0,0,1.69000005722045898,0,0,0,0,0,1.69000005722045898,0,0,0,0,0.314999997615814209,0,0,0.629999995231628418,0,3.08299994468688965,12,37
0,0,0,0,0,0,0,4.23000001907348633,0,0,0,0,0,0,0,0,0.839999973773956299,0,0,0,0,0,0,0,0,0,0,0,0,0,0,0,0,0,0,0,0.839999973773956299,0,0.839999973773956299,0,1.69000005722045898,0,0.839999973773956299,0,0.839999973773956299,1.69000005722045898,0,0,0,0,0.126000002026557922,0,0,0,1.60500001907348633,12,61
0,0,0,0,0,0,0,0,0.910000026226043701,0,0,0,0,0,0,0,0,0,0.910000026226043701,0,2.75,0,0,0,0,0,0,0,0,0,0,0,0,0,0,0,0,0,0,0,0,0,0,0,0,0,0,0,0,0.14100000262260437,0,0.566999971866607666,0,0,2.90000009536743164,28,87
0,0,0,0,0,0,0,0,0,3.32999992370605469,0,0,0,0,0,0,0,0,3.32999992370605469,0,3.32999992370605469,0,0,0,0,0,0,0,0,0,0,0,0,0,0,0,0,0,0,0,0,0,0,0,3.32999992370605469,0,0,0,0,0.558000028133392334,0,0,0,0,1,1,6
0,0,0,0,1.21000003814697266,0,0.800000011920928955,0,0,0.800000011920928955,0.400000005960464478,0.800000011920928955,0.400000005960464478,0,0,1.61000001430511475,0,0,1.61000001430511475,0,1.21000003814697266,0.800000011920928955,0,0,0,0,0,0,0,0,0,0,0,0,0,0,0,0,0,0,0,0,0,0,0,0,0,0,0,0.0700000002980232239,0,0.209999993443489075,0,0.0700000002980232239,4.48999977111816406,24,229
0,1.3200000524520874,0.560000002384185791,0,0,0.939999997615814209,0,0.180000007152557373,0.370000004768371582,0.75,0,2.07999992370605469,0,0,0,0,0.370000004768371582,0,2.65000009536743164,0,0.939999997615814209,0,0,0.180000007152557373,0,0,0.180000007152557373,0,0,0,0,0,0,0,0,0,0,0,0,0,0,0,0,0,0,0,0,0,0,0.0839999988675117493,0,0.310000002384185791,0.112000003457069397,0,2.54800009727478027,34,237
0,0,0,0,0,0,0,0,0,0,0,0,0,0,0,0,0,0,3.78999996185302734,0,0,0,0,0,0,0,0,0,0,0,0,0,0,0,0,0,0,0,0,0,0,0,0,0,0,0,0,0,0,0,0,0,0,0,1,1,1
0.589999973773956299,0,0.349999994039535522,0,1.65999996662139893,0,0,0,0.230000004172325134,1.29999995231628418,0.709999978542327881,2.49000000953674316,0.589999973773956299,0,0,0.589999973773956299,0.109999999403953552,0,4.51000022888183594,0,1.65999996662139893,0,0.469999998807907104,0.829999983310699463,0,0,0,0,0,0,0,0,0,0,0.230000004172325134,0,0,0,0,0.109999999403953552,0,0,0,0,0.109999999403953552,0,0,0,0,0.0379999987781047821,0,0.155000001192092896,0.232999995350837708,0.0189999993890523911,3.625,54,504
0.119999997317790985,0.119999997317790985,0.23999999463558197,0,1.34000003337860107,0.119999997317790985,0,0.119999997317790985,0,0,0.360000014305114746,0.85000002384185791,0,0,0,0.23999999463558197,0.23999999463558197,0,2.32999992370605469,0,0.730000019073486328,0,0,0,0,0,0,0,0,0,0,0,0,0,0,0.980000019073486328,0,0,0,0.119999997317790985,0,0,0,0,0.119999997317790985,0,0,0,0.0610000006854534149,0.0199999995529651642,0,0.0410000011324882507,0.0410000011324882507,0,2.35100007057189941,69,254
0,0.140000000596046448,0.140000000596046448,0,0,0,0.140000000596046448,0.140000000596046448,0,0,0,0.140000000596046448,0,0,0.140000000596046448,0,0,0,0.280000001192092896,0,0,0,0,0,1.12999999523162842,0.419999986886978149,0.280000001192092896,0,0,0,0,0,0,0,2.69000005722045898,0,0,0,0,0,0,0.839999973773956299,0,0,0,0.140000000596046448,0.140000000596046448,0,0,0.159999996423721313,0,0,0,0.0719999969005584717,5.33099985122680664,80,1029
0.419999986886978149,0,0.419999986886978149,0,1.71000003814697266,0,0.419999986886978149,0,0,0.209999993443489075,0.209999993443489075,0.85000002384185791,0.209999993443489075,0,0,0,1.91999995708465576,0.419999986886978149,3.21000003814697266,0,1.49000000953674316,5.78000020980834961,0.209999993443489075,0.209999993443489075,0,0,0,0,0,0,0,0,0.209999993443489075,0,0,0,0,0,0,0,0,0,0,0,0,0,0,0,0,0,0.0750000029802322388,0.263000011444091797,0.0750000029802322388,0.638999998569488525,53.4329986572265625,494,1603
0.540000021457672119,0,0.27000001072883606,0,0,0,0,0,0.27000001072883606,0.540000021457672119,0,0.810000002384185791,0,0,0,0,0,0.27000001072883606,1.08000004291534424,0,0.810000002384185791,0,0,0,0.810000002384185791,0.810000002384185791,0,1.08000004291534424,0,0.540000021457672119,0,0,0.27000001072883606,0,1.08000004291534424,0,0,0,0,0,0,0,0,0,0,0,0.27000001072883606,0,0.0390000008046627045,0.317999988794326782,0.0790000036358833313,0,0,0,4.97100019454956055,76,517
0,0,1.24000000953674316,0,1.24000000953674316,0.620000004768371582,0,0,0,0,0,0,0,0,0,1.24000000953674316,0.620000004768371582,0,0.620000004768371582,0,1.86000001430511475,0.620000004768371582,0.620000004768371582,0,0,0,0,0,0,0,0,0,0,0,0,0,0,0,0,0,0,0,0,0,0.620000004768371582,0,0,0,0,0.107000000774860382,0,0.321000009775161743,0.107000000774860382,0.107000000774860382,3.84599995613098145,30,150
0,0,0,0,0,0,1.77999997138977051,0,0,0,0,1.77999997138977051,0,0,0,0,0,0,3.56999993324279785,0,0,0,0,0,0,0,0,0,0,1.77999997138977051,0,0,0,0,0,1.77999997138977051,0,0,0,0,0,0,0,0,0,0,0,0,0,0,0,0.586000025272369385,0,0,1.30700004100799561,4,17
0,0,0,0,0,0,0,0,0,0,0,0,0,0,0,0,0,0,0.430000007152557373,0,0.860000014305114746,0,0,0,6.03000020980834961,3.44000005722045898,0.860000014305114746,0.430000007152557373,0.430000007152557373,0.430000007152557373,0.430000007152557373,0.430000007152557373,0,0.430000007152557373,0.430000007152557373,0.430000007152557373,0.860000014305114746,0,0.430000007152557373,0.430000007152557373,0,0,0.430000007152557373,0,0.430000007152557373,0,0,0,0,0.129999995231628418,0.064999997615814209,0.064999997615814209,0,1.0429999828338623,2.98300004005432129,40,179
0,0,0.709999978542327881,0,0.230000004172325134,0,0,0,0.230000004172325134,0.230000004172325134,0.230000004172325134,1.89999997615814209,0,0,0,0.230000004172325134,0,0,3.80999994277954102,0.230000004172325134,1.19000005722045898,0,0,0,0,0,0,0,0,0,0,0,0,0,0,0,0,0,0,0,0,0,0,0,0,0,0,0,0,0.111000001430511475,0,1.04499995708465576,0.0370000004768371582,0,4.02199983596801758,97,543
0.159999996423721313,0.23999999463558197,1.24000000953674316,0,0.409999996423721313,0.579999983310699463,0.490000009536743164,0.330000013113021851,0.660000026226043701,0.660000026226043701,0.23999999463558197,1.24000000953674316,0.159999996423721313,0,0.660000026226043701,0.819999992847442627,0.159999996423721313,1.5700000524520874,2.31999993324279785,0.159999996423721313,1.15999996662139893,0,0.910000026226043701,0.159999996423721313,0,0,0,0,0,0,0,0,0,0,0,0,0,0,0,0.0799999982118606567,0,0,0,0,0.0799999982118606567,0,0,0,0,0.131999999284744263,0,0.25,0.224000006914138794,0.0130000002682209015,5.87200021743774414,581,1339
0,0,0,0,0,0,0,0,0,0,0,0,0,0,0,0,0,0,0.860000014305114746,0,0.860000014305114746,0,0,0,0,0,0,0,0,0,0,0,0,0,0,0,0,0,0,0,0,0,0,0,0,0.860000014305114746,0,0,0,0,0,0,0,0,3.10299992561340332,51,90
0,0,0,0,0,0,2.09999990463256836,0,0,0,0,1.04999995231628418,0,0,0,0,0,0,4.21000003814697266,0,0,0,0,0,0,0,0,0,0,0,0,0,0,0,0,0,0,0,0,0,0,0,0,0,0,0,0,0,0,0,0,0,0,0,2.69499993324279785,15,62
0,0,0,0,1.64999997615814209,0,0,0,0.819999992847442627,0,0,1.64999997615814209,0,0,0,0.819999992847442627,0,0,1.64999997615814209,0,0.819999992847442627,0,0,0,0,0,0,0,0,0,0,0,0,0,0,0,0,0,0,0,0,0,0,0,0,0,0,0,0,0.414999991655349731,0,0,0,0,1.76900005340576172,11,69
0,0,0.150000005960464478,0,0.300000011920928955,0,0.150000005960464478,0,0.610000014305114746,0,0.300000011920928955,0,0,0,0,0.920000016689300537,0,1.52999997138977051,0.610000014305114746,0,0,0,0,0,0,0,0,0,0,0,0,0,0,0,0,0,0.300000011920928955,0,0,0,0,0,0,0,0,0,0,0,0,0.0829999968409538269,0,0.731999993324279785,0.753000020980834961,0.0199999995529651642,5.05800008773803711,45,1128
0,0,0,0,0,0,0,0,0,0,0,1.58000004291534424,0,0,0,0,0,0,0,0,1.58000004291534424,0,0,0,0,0,0,0,0,0,0,0,0,0,0,0,0,0,0,0,0,0,0,0,0,1.58000004291534424,0,0,0,0.287000000476837158,0,0.287000000476837158,0,0,1.07599997520446777,2,14
0,0,0,0,0,0,0,0,0,0,0,0,0,0,0,0,0,0,0,0,0,0,0,0,6.05999994277954102,3.02999997138977051,3.02999997138977051,3.02999997138977051,3.02999997138977051,3.02999997138977051,3.02999997138977051,3.02999997138977051,0,3.02999997138977051,3.02999997138977051,3.02999997138977051,0,0,0,3.02999997138977051,0,0,0,0,0,0,0,0,0,0.89999997615814209,0,0,0,0,2.75,11,33
0,0,0,0,0,0,0,0,0,0,0,3.38000011444091797,0,0,0,0,1.69000005722045898,0,0,0,0,0,0,0,0,0,0,0,0,0,0,0,0,0,0,0,0,0,0,0,0,0,0,0,0,0,0,0,0,0.203999996185302734,0,0.407999992370605469,0,0,6.18699979782104492,47,99
0.159999996423721313,0,0.319999992847442627,0,1.29999995231628418,0.64999997615814209,0,0.64999997615814209,0,0,0,0.159999996423721313,0,0,0.159999996423721313,0.319999992847442627,1.62999999523162842,2.45000004768371582,1.78999996185302734,0,1.13999998569488525,0,0,0.319999992847442627,0,0,0,0,0,0,0,0,0,0,0,0,0,0,0,0.490000009536743164,0,0,0,0,0,0,0,0,0,0.0270000007003545761,0,0.621999979019165039,0.0270000007003545761,0,1.25,12,165
0,0,0,0,0,0,0,0,0,0,0,1.02999997138977051,0,0,0,0,0,0,3.08999991416931152,0,0,0,0,0,1.02999997138977051,0,0,0,0,1.02999997138977051,0,0,0,0,0,0,0,0,0,0,0,0,0,0,1.02999997138977051,0,0,0,0,0,0,0,0,0,1.66600000858306885,7,25
0,0,0,0,0,0.27000001072883606,0,0,0.819999992847442627,0,0,0.27000001072883606,0,0,0,0,0,0,0,0,0,0,0,0,0,0,0,0.540000021457672119,0,0,0,0,0,0,0,0.540000021457672119,0,0,0.540000021457672119,0,0,0,0,0,0,0,0,0,0.0370000004768371582,0.225999996066093445,0,0.0370000004768371582,0,0,2.6659998893737793,33,208
0,0.699999988079071045,0,0,2.82999992370605469,0,0,0,0,0.699999988079071045,0,0.699999988079071045,0,0,0,1.40999996662139893,1.40999996662139893,0,7.09000015258789062,0,5.67000007629394531,0,0,0,0,0,0,0,0,0,0,0,0.699999988079071045,0,0,0,0,0,0,0,0,0,0,0,0,0,0,0,0,0,0,0,0,0.126000002026557922,4.17600011825561523,44,142
0,0,0,0,0,0,0,0,0,0,0,3.51999998092651367,0,0,0,0,0,0,0,0,2.34999990463256836,0,0,0,0,1.16999995708465576,0,0,0,1.16999995708465576,0,0,0,0,0,0,0,0,1.16999995708465576,0,0,2.34999990463256836,0,0,0,0,0,0,0,0,0,0,0,0,2,12,54
0,0,0,0,0,0,0,0,0,0,0,0,0,2.5,0,0,0,0,7.5,0,0,0,0,0,0,0,0,0,0,0,0,0,0,0,0,0,0,0,0,0,0,0,0,0,2.5,0,0,0,0,0,0,0,0,0,2.14199995994567871,5,15
0,0.25,0,0,0,0.25,0,0.5,0,0,0,1.00999999046325684,0,0,0.25,0,0,0.25,0.25,0,0,0,0,0,0.5,0.25,0,0,0,0.25,0,0,0.25,0,0,0.25,0,0,0,0,0,0.25,0,0,0,0.25,0,0,0,0.072999998927116394,0,0,0,0,1.54499995708465576,7,136
0,0,0,0,0.60000002384185791,0,0,0,0,0,0,0.60000002384185791,0,0,0,0,0,0,3.00999999046325684,0,0,0,0,0,0,0,1.79999995231628418,0,0,0,0,0.60000002384185791,0,0.60000002384185791,0,0,0.60000002384185791,0,0.60000002384185791,0,0,0,0.60000002384185791,0,1.20000004768371582,0,0,0,0,0.0850000008940696716,0.0850000008940696716,0.0850000008940696716,0,0,1.73500001430511475,22,92
0,0,0,0,0,0,0,0,0,0,0,0.689999997615814209,0,0,0,0.689999997615814209,0,0,2.78999996185302734,0,0.689999997615814209,0,0,0,2.08999991416931152,0,0,0,0,1.38999998569488525,0,0,0,0,0,0,0,0,0,0,0,0,0,0,0.689999997615814209,1.38999998569488525,0,0,0,0.221000000834465027,0,0,0,0,2.18400001525878906,12,83
0.569999992847442627,0,0.569999992847442627,0,0,0,0,0.569999992847442627,0,0,0,1.13999998569488525,0,0,0,0,0,0,5.1399998664855957,0,1.13999998569488525,0,2.84999990463256836,0,0,0,0,0,0,0,0,0,0,0,0,0,0,0,0,0,0,0,0,0,0,0,0,0,0,0,0,0.210999995470046997,0.740000009536743164,0,2.90000009536743164,32,116
0,0,2.26999998092651367,0,0,0,0,0,0,0,0,0,0,0,0,0,0,0,2.26999998092651367,0,0,0,0,0,0,0,0,0,0,0,0,0,0,0,0,0,0,0,0,0,0,0,0,0,2.26999998092651367,0,0,0,0,0.404000014066696167,0,0.404000014066696167,0,0,2.07599997520446777,15,27
0,0,0,0,6.25,0,0,0,0,0,0,0,0,0,0,0,0,0,0,0,0,0,0,0,0,0,0,0,0,0,0,0,0,0,0,0,0,0,0,0,0,0,0,0,0,0,0,0,0,0,0,0,0,0,1.5,2,3
0,0,0,0,4.76000022888183594,0,0,0,0,0,0,0,0,0,0,0,0,0,0,0,0,0,0,0,0,0,0,0,4.76000022888183594,0,0,0,0,0,0,0,0,0,0,0,0,4.76000022888183594,0,0,0,0,0,0,0,0,0,0,0,0,1,1,6
0,0,1.49000000953674316,0,0,0.370000004768371582,0,0,0,0,0,0.740000009536743164,0.370000004768371582,0,0,0,0,0,2.24000000953674316,0,0.740000009536743164,0,0,0,0,0,0,0,0,0,0,0,0,0,0,1.49000000953674316,0,0.370000004768371582,0,0,0,0,0,0,0,0,0,0,0,0.0599999986588954926,0,0,0,0,1.78999996185302734,5,111
0,0,0,0,0,0,0,0,0,0,0,0,0,0,0,0,0,0,0,0,0,0,0,0,2.22000002861022949,0,0,4.44000005722045898,2.22000002861022949,0,0,0,0,0,4.44000005722045898,0,0,0,0,0,0,2.22000002861022949,0,0,0,0,0,0,0,0,0,0,0,0,3.57800006866455078,20,68
0,0,0,0,0,0,0,0.829999983310699463,0,0,0,0,0,0,0,0,0,0,0,0,0,0,0,0,0.829999983310699463,0.409999996423721313,0,0.409999996423721313,0.409999996423721313,0,0,0,0,0,0.409999996423721313,0.409999996423721313,0.409999996423721313,0,0,0,0,0,0,0,0,0,0,0,0,0.158000007271766663,0,0,0,0,1.96899998188018799,13,130
0,0,2.55999994277954102,0,0,0,0,0,0,0,0,0,0,5.11999988555908203,0,0,0,0,2.55999994277954102,0,0,0,0,0,0,0,2.55999994277954102,0,0,0,0,0,0,0,0,0,0,0,0,0,0,0,0,0,2.55999994277954102,0,0,0,0,0.485000014305114746,0,0,0,0,1,1,11
0.100000001490116119,0,0.740000009536743164,0.209999993443489075,0.209999993443489075,0,0.100000001490116119,0.100000001490116119,0,0,0.100000001490116119,0.310000002384185791,0,0,0,0,0,0.209999993443489075,0.629999995231628418,0,0.310000002384185791,0,0.209999993443489075,0,0,0,0,0,0,0.100000001490116119,0,0,0,0,0,0.629999995231628418,0,0,0,0,0,0,0,0,0,0,0,0,0,0.101000003516674042,0,0.0500000007450580597,0.609000027179718018,0.252999991178512573,7.88700008392333984,126,1609
0,0.389999985694885254,0.189999997615814209,0,0.189999997615814209,0.0900000035762786865,0,0,0,0,0,0.289999991655349731,0,0,0.289999991655349731,0,0,0.289999991655349731,0.889999985694885254,0,0.289999991655349731,0,0,0,0.490000009536743164,0.490000009536743164,0,0,0,0,0,0,0,0,0,0,0.189999997615814209,0,0,0,4.75,0,0.0900000035762786865,0,0.0900000035762786865,5.73999977111816406,0,0,1.35199999809265137,0.0799999982118606567,0,0.0160000007599592209,0,0,1.67900002002716064,17,178
0,0,0.319999992847442627,0,0.64999997615814209,0.64999997615814209,0.319999992847442627,0.319999992847442627,0,0,0,0.319999992847442627,0.319999992847442627,0,0,0.319999992847442627,0.319999992847442627,0,2.27999997138977051,0,3.25,0,0,0.319999992847442627,0,0,0,0,0,0,0,0,0,0,0,0,0,0,0,0,0,0,0,0,0.319999992847442627,0,0,0,0,0.10599999874830246,0,0,0.158999994397163391,0,1.49399995803833008,10,139
0,0,0,0,0,0,0,0,0,0,0,0,0,0,0,1.37999999523162842,0,0,1.37999999523162842,0,1.37999999523162842,0,0,0,2.76999998092651367,1.37999999523162842,1.37999999523162842,1.37999999523162842,1.37999999523162842,1.37999999523162842,1.37999999523162842,1.37999999523162842,0,1.37999999523162842,1.37999999523162842,1.37999999523162842,0,0,0,1.37999999523162842,0,0,0,0,0,0,0,0,0,0.46399998664855957,0,0,0,0,2.33299994468688965,11,42
0,0,1.50999999046325684,0,0,0,0,0,0,0,0,0,0,0,0,0,0,0,0,0,0,0,0,0,3.02999997138977051,3.02999997138977051,0,3.02999997138977051,0,0,0,0,0,0,0,0,0,0,1.50999999046325684,0,0,0,0,0,0,0,0,0,0,0.428000003099441528,0,0,0,0,2.32100009918212891,22,65
0,0.720000028610229492,0.720000028610229492,0,0,0,0,1.45000004768371582,0,0,0.720000028610229492,0,0,0,0,2.91000008583068848,0,0.720000028610229492,1.45000004768371582,0,0,0,0.720000028610229492,0,0,0,0,0,0,0,0,0,0,0,0,0,0,0,0,0,0,0,0,0,0,0,0,0,0,0.123000003397464752,0,0.495000004768371582,0,0,1.52499997615814209,8,61
0,0,0,0,0,0,0,0.819999992847442627,0,0,0,0.819999992847442627,0,0,0,0,0,0,0,0,0,0,0,0,0,0,0,0,0.409999996423721313,0,0,0,0,0,0,0,0.409999996423721313,0,0,0,0,0,0,0,0.409999996423721313,0,0,0.409999996423721313,0,0,0,0,0,0,1.39400005340576172,12,53
0.449999988079071045,0,0,0,0.680000007152557373,0.449999988079071045,0,0.449999988079071045,0,0.219999998807907104,0.219999998807907104,0,1.60000002384185791,0,0.449999988079071045,0,0.910000026226043701,1.83000004291534424,1.83000004291534424,0,0.680000007152557373,0,1.60000002384185791,0,0,0,0,0,0,0,0,0,0,0,0,0,0,0,0,0.910000026226043701,0,0,0,0,0,0,0,0,0,0.0370000004768371582,0,0.187000006437301636,0.112000003457069397,0,3.18400001525878906,30,363
0.0900000035762786865,0,0.0900000035762786865,0,0.389999985694885254,0.0900000035762786865,0.0900000035762786865,0,0.189999997615814209,0.289999991655349731,0.389999985694885254,0.47999998927116394,0,0.579999983310699463,0,0.870000004768371582,0.189999997615814209,0,1.65999996662139893,4.09999990463256836,1.65999996662139893,0,0.389999985694885254,0.189999997615814209,0,0,0,0,0,0,0,0,0,0,0,0,0,0,0,0,0,0,0,0,0,0,0,0,0,0.136000007390975952,0,0.317999988794326782,0.150999993085861206,0,6.81300020217895508,494,1458
0.340000003576278687,1.02999997138977051,0.340000003576278687,0,1.02999997138977051,0,2.41000008583068848,0.340000003576278687,0,1.72000002861022949,2.05999994277954102,2.05999994277954102,0.680000007152557373,0,0.340000003576278687,0,0,3.44000005722045898,4.13000011444091797,0,2.05999994277954102,0,0,0,0,0,0,0,0,0,0,0,0,0,0,0,0,0,0,0,0,0,0,0,0,0,0,0,0,0.115999996662139893,0,0,0,0,1.8880000114440918,6,68
0,0,0,0,0,0,7.26999998092651367,0,0,0,0,0,0,0,0,0,0,0,0,0,0,0,0,0,0,0,0,0,0,0,0,0,0,0,0,0,0,0,0,0,0,0,0,0,0,0,0,0,0,0,0,0.296999990940093994,0,0,2,8,52
0,0,0,0,0,0,0,0,0,0,0,0,0,0,0,0,0,0,0,0,0,0,0,0,0,0,1.20000004768371582,0,0,0,0,0,0,0,0,0,0,0,0,0,0,0,0,0,0,0,0,0,0,1.33599996566772461,0,0,0,0,3.38000011444091797,7,71
0,0,0.25,0,0,0,0,0,0,0,0,0.25,0.25,0,0,0,0,0,4.01999998092651367,0,4.01999998092651367,0,0,0,0.75,0.75,0,0,0.25,0,0,0,0,0,0,0,0,0,0,0,0,0,0,0,0,0,0.25,0,0,0.111000001430511475,0,0,0,0,4.44600009918212891,29,209
0,0.27000001072883606,0.540000021457672119,0,0.27000001072883606,1.63999998569488525,0,0.27000001072883606,0.540000021457672119,0.540000021457672119,0,1.09000003337860107,0.27000001072883606,0,0,0,0,0.27000001072883606,1.37000000476837158,0,1.09000003337860107,0,0.27000001072883606,0,0,0,0,0,0,0,0,0,0,0,0,0,0,0,0,0,0,0,0,0,0.27000001072883606,0,0,0,0,0,0,0.472000002861022949,0.128000006079673767,0,10.8769998550415039,93,533
0,0,0,0,0,0,0,0,0,0,0,0,0,0,0,0,0,0,3.22000002861022949,0,0,0,0,0,0,0,0,0,0,0,0,0,0,0,0,0,0,0,0,0,0,0,0,0,0,0,0,0,0,0,0,0.546000003814697266,0,0,2.29999995231628418,9,23
0,0,2.94000005722045898,0,0,0,0,0,0,0,0,0,0,0,0,0,0,0,2.94000005722045898,0,0,0,0,0,0,0,0,0,0,0,0,0,0,0,0,0,0,0,0,0,0,0,0,0,0,0,0,0,0,0,0,0.504999995231628418,0,0,2.375,4,19
0,0,0,0,0,0,0,0,0,0,0,0,0,0,0,3.38000011444091797,0,0,3.38000011444091797,0,0,0,0,0,0,0,0,0,0,0,0,0,0,0,0,0,0,0,0,0,0,0,0,0,0,0,0,0,0,0,0,0.871999979019165039,0,0,2.20000004768371582,5,11
0,0,0,0,0,0,0,0,0,0,0,3.02999997138977051,0,0,0,0,0,0,0,0,0,0,0,0,0,0,0,0,0,0,0,0,0,0,0,0,0,0,0,0,0,0,0,0,0,0,0,0,0,0,0,0.5,0,0,1.53799998760223389,8,20
0,0,1.38999998569488525,0,0,0,0,0,0,0,0,0.340000003576278687,0,0,0,1.03999996185302734,0,0,4.51999998092651367,0.340000003576278687,0,0,0,0,0,0,0,0,0,0,0,0,0,0,0,0,0,0,0,0,0,0,0,0,1.03999996185302734,0.340000003576278687,0,0,0,0.12200000137090683,0,0,0,0,1.96300005912780762,47,108
0,0,0,0,0,0,0,0,0,0,0,0.860000014305114746,0.860000014305114746,0,0,0,0,0,2.57999992370605469,0,0.860000014305114746,0,0,0,0,0,0,0,0,0,0,0,0,0,0,0,0.860000014305114746,0,0,0,0,0,0,0,0.860000014305114746,0,0,0,0,0,0,0.151999995112419128,0,0,2.1659998893737793,14,52
0,0,0,0,0,0,0,0,0,0,0,1.49000000953674316,0,0,0,0,0,0,0,0,0,0,0,0,1.49000000953674316,1.49000000953674316,0,0,0,0,0,0,0,0,0,0,0,0,0,0,0,0,0,0,0,1.49000000953674316,0,0,0,0,0,0,0,0,2,8,36
0,0,0,0,1.27999997138977051,0,0,0,1.27999997138977051,0,0,0,0,1.27999997138977051,0,0,0,0,1.27999997138977051,0,0,0,0,0,2.55999994277954102,1.27999997138977051,1.27999997138977051,1.27999997138977051,1.27999997138977051,1.27999997138977051,1.27999997138977051,1.27999997138977051,0,1.27999997138977051,1.27999997138977051,1.27999997138977051,0,0,0,1.27999997138977051,0,0,0,0,0,0,0,0,0,0.398000001907348633,0,0,0,0,2.21000003814697266,11,42
0,0,0.439999997615814209,0,0,0,0,0,0,0,0,0.439999997615814209,0,0,0,0,0,0,0,0,0,0,0,0,1.75999999046325684,1.75999999046325684,0,0,0,0,0,0,0,0,0,0,0.879999995231628418,0,0.879999995231628418,0,0,0,0.439999997615814209,0,0,0,0,0.439999997615814209,0,0,0.0610000006854534149,0,0,0,1.94900000095367432,17,230
0,0,1.5700000524520874,0,0.219999998807907104,0.219999998807907104,0,0,0,0,0,0,0.219999998807907104,0,0,0,0,0,2.01999998092651367,0,0.219999998807907104,0,0,0,0,0,0,0,0,0,0,0,0,0,0,0,0,0,0.219999998807907104,0,0,0,0,0,0.889999985694885254,0,0,0,0,0.090999998152256012,0,0.0450000017881393433,0,0,1.27600002288818359,16,97
0,0,0,0,0,0,0,0,0,0,0,0,0,0,0,0,0,0,0,0,0,0,0,0,0,0,0,0,0,0,0,0,3.44000005722045898,0,0,0,0,0,0,0,0,0,0,0,0,0,0,0,0,0,0,0,0,0,1.5,6,66
0.00999999977648258209,0.00999999977648258209,0.0700000002980232239,0,0.0500000007450580597,0,0,0.00999999977648258209,0.0299999993294477463,0.129999995231628418,0.0500000007450580597,0,0,0.0500000007450580597,0,0,0.00999999977648258209,0.0700000002980232239,0.00999999977648258209,0,0.00999999977648258209,0,0,0,0,0,0,0,0,0,0,0,0.0700000002980232239,0,0,0.129999995231628418,0,0,0,0.00999999977648258209,0.460000008344650269,0,0,0.0299999993294477463,0,0.800000011920928955,0.00999999977648258209,0.0700000002980232239,0.0500000007450580597,0.300999999046325684,0.13099999725818634,0.00200000009499490261,0.0900000035762786865,0.00200000009499490261,2.57699990272521973,82,5395
0,0,2.43000006675720215,0,0,0,0,0,0,0,0,0,0,0,0,2.43000006675720215,0,4.86999988555908203,2.43000006675720215,0,2.43000006675720215,0,0,0,0,0,0,0,0,0,0,0,0,0,0,0,0,0,0,0,0,0,0,0,0,0,0,0,0,0,0,0.896000027656555176,0,0,5.53800010681152344,58,72
0,0,0,0,0,0,0,0,0,0,0,0,0,0,0,0,0,0,0.529999971389770508,0,0,0,0,0,0,0,0,0,0,0,0,0,0,0,0,0,1.05999994277954102,0,0,0,0,0,0,0,1.05999994277954102,2.65000009536743164,0,0,0,0.321999996900558472,0,0,0,0.128999993205070496,2.59999990463256836,18,182
0,0,0,0,0,0,0,0,0,0,0,0,0,0,0,0,0,0,0,0,0,0,0,0,0,0,0,0,0,0,0,0,0,0,0,0,0,0,0,0,0,0,0,0,0,0,0,0,0,0.542999982833862305,0,0.270999997854232788,0,0,3,18,72
0,0.64999997615814209,0,0,0.64999997615814209,0,1.30999994277954102,0,0,0,0,0.64999997615814209,0,0,0.64999997615814209,0,0,0,3.27999997138977051,0,0.64999997615814209,0,0,0.64999997615814209,0,0,0,0,0,0,0,0,0,0,0,0,0,0,0,0,0,0,0,0,0,0,0,0,0,0,0.104000002145767212,0.522000014781951904,0,0,1.69000005722045898,11,71
0.0799999982118606567,0,0.159999996423721313,0,0,0.0799999982118606567,0,0.0799999982118606567,0.0799999982118606567,0,0.159999996423721313,0.740000009536743164,0.569999992847442627,0.159999996423721313,0,0,0.409999996423721313,0,0,0,0,0,0.23999999463558197,0,3.29999995231628418,0,0,0,0,0,0,0,0,0,0,0.23999999463558197,0.23999999463558197,0,0,0,0,0,0,0,0,0,0,0,0.199000000953674316,0.104999996721744537,0,0,0.0230000000447034836,0,1.87800002098083496,24,740
0.0700000002980232239,0.0199999995529651642,0.150000005960464478,0,0.25,0.200000002980232239,0,0.0199999995529651642,0.150000005960464478,0,0,0.25,0.25,0.0700000002980232239,0,0.0500000007450580597,0.219999998807907104,0,0.0500000007450580597,0,0.0199999995529651642,0,0.370000004768371582,0.0199999995529651642,0,0,0,0,0.0199999995529651642,0,0,0,0,0,0,0.0500000007450580597,0.300000011920928955,0.0199999995529651642,0,0.0199999995529651642,0,0,0.0199999995529651642,0,0.0199999995529651642,0,0,0,0.0109999999403953552,0.0219999998807907104,0,0,0.0219999998807907104,0,1.42299997806549072,20,965
0,0,0,0,0,0,0,0,0,2.76999998092651367,0,0,0,0,0,0,0,0,2.76999998092651367,0,5.55000019073486328,0,0,0,0,0,0,0,0,0,0,0,0,0,0,0,0,0,0,0,0,0,0,0,2.76999998092651367,0,0,0,0,0,0,0.437999993562698364,0,0,1.21399998664855957,3,17
0,0,0,0,0,0,0,0,0,0,0,1.13999998569488525,0,0,0,0,0,0,2.28999996185302734,0,0,0,0,0,1.13999998569488525,1.13999998569488525,0,0,0,0,1.13999998569488525,0,0,0,0,0,0,0,0,0,0,0,0,2.28999996185302734,0,0,0,0,0,0,0,0.596000015735626221,0,0.197999998927116394,2.13299989700317383,14,64
0.189999997615814209,0,0.379999995231628418,0,0,0.189999997615814209,0,0,0,0,0.189999997615814209,0.189999997615814209,0,0,0,0.379999995231628418,0,0.189999997615814209,1.13999998569488525,0,0.379999995231628418,0,0,0,0,0,0,0,0,0,0,0,0,0,0,0,0,0,0,0,0,0,0,0,0,0,0,0,0.00999999977648258209,0.00999999977648258209,0,0,0,0.00300000002607703209,2.38299989700317383,21,15841
0.680000007152557373,0,0,0,0,0,0,0,0,0,0,0,0.680000007152557373,0,0,0,0,0,1.37000000476837158,0,2.05999994277954102,0,0,0,0,0,1.37000000476837158,0,0,0,0,0,0,0,0,0,0,0,0,0,0,0,3.44000005722045898,0,0,0,0,0,0,0.331999987363815308,0,0,0,0,1.125,2,18
0,0,0,0,0,0,0,0,0,0,0,0,0,0,0,0,0,0,0,0,0,0,0,0,0,0,0,0,0,0,0,0,0,0,0,0,0,0,0,0,0,0,0,0,0,0.460000008344650269,0,0,0,0.185000002384185791,0,0,0,0,1.90400004386901855,11,80
0.230000004172325134,0,0.469999998807907104,0,0,0,0.230000004172325134,0,0,0.469999998807907104,0,0,0,0,0,0,0,0,1.16999995708465576,0,0.230000004172325134,0,0,0,1.63999998569488525,0.699999988079071045,0.699999988079071045,1.16999995708465576,0.230000004172325134,0.230000004172325134,0.230000004172325134,0.230000004172325134,0,0.230000004172325134,0.230000004172325134,0.699999988079071045,0.469999998807907104,0,0.230000004172325134,0.230000004172325134,0,0,0.469999998807907104,0,0.699999988079071045,0,0,0,0,0.237000003457069397,0,0,0,0,2.42000007629394531,12,334
0,0,0,19.7299995422363281,0,0,0,0,0,0,0,0.529999971389770508,0,0,0,0,0,0,0,0,0,0,0,0,0,0,0,0,0,0,0,0,0,0,0,0.529999971389770508,0,0,0.529999971389770508,0,0,0,0,0,0,0,0,0,0,0.0869999974966049194,0,0,0,0,4.78599977493286133,152,292
0,0,0.280000001192092896,0,0.280000001192092896,0,0,0,0,0,0,1.96000003814697266,0,0,0,0,0,0,0,0,0,0,0,0,0,0,0,0,0,0,0,0,0,0,0.280000001192092896,0,0.560000002384185791,0,0,0,0,0,0,0,0,0,0,0,0,0.180000007152557373,0,0,0,0,1.52300000190734863,11,160
0,0,0.759999990463256836,0,0.759999990463256836,0,0.759999990463256836,0.509999990463256836,0,1.01999998092651367,0,0.25,1.52999997138977051,0,1.01999998092651367,0,0.25,1.78999996185302734,1.52999997138977051,0,1.78999996185302734,0,0.759999990463256836,0,0,0,0,0,0,0,0,0,0,0,0,0,0,0,0,0.509999990463256836,0,0,0,0,0,0,0,0,0,0.0829999968409538269,0,0.458000004291534424,0.499000012874603271,0,2.45499992370605469,19,248
0,0,0.230000004172325134,0,0.230000004172325134,0,0,0,0.230000004172325134,0,0,0,0,1.4299999475479126,0,0,0.230000004172325134,0,0.230000004172325134,0,2.1400001049041748,0,0,0,0.230000004172325134,0,0,0,0,0,0,0,0,0,0,0,0.230000004172325134,0,0,0,0,1.89999997615814209,0,0,0,0,0,0,0.116999998688697815,0.234999999403953552,0,0.116999998688697815,0,0.164000004529953003,2.61599993705749512,160,683
0,0.660000026226043701,0,0,0,0,0.660000026226043701,0,0,1.33000004291534424,0,0,0,0,0,0,0,0,0,0,0,0,0,0,8,6,1.33000004291534424,0,0,2,0,0,0,0,0.660000026226043701,0,0.660000026226043701,0,0,0,2,0,0,0,0,0,0,0,0,0.22800000011920929,0,0,0,0,2.67300009727478027,18,139
0.0900000035762786865,0.490000009536743164,0.589999973773956299,0,0.389999985694885254,0.189999997615814209,0,0,0.0900000035762786865,0.389999985694885254,0,1.5700000524520874,0.189999997615814209,0,0,0,0.0900000035762786865,0,3.74000000953674316,0.0900000035762786865,1.08000004291534424,0,0,0.0900000035762786865,0,0,0,0,0,0,0,0,0,0,0,0,0,0,0,0,0,0,0,0,0,0,0,0,0.764999985694885254,0.0370000004768371582,0,5.82800006866455078,1.30799996852874756,0,6.04699993133544922,54,768
0,0,0,0,0,0,0,0,0,0,0,0,0,0,0,0,0,0,0,0,0.319999992847442627,0,0,0,0,0,0,0,0,0,0,0,0,0,0,0,0,0,0,0,0,0,0,0,0.319999992847442627,0,0,0,0.21799999475479126,0.21799999475479126,0,0.0540000014007091522,0,0,2.16000008583068848,9,108
0,0,0,0,0,0,0,0,0,0,0,0,0,0,0,1.23000001907348633,1.23000001907348633,0,4.92999982833862305,0,3.70000004768371582,0,0,0,0,0,0,0,0,0,0,0,0,0,0,0,0,0,0,0,0,0,0,0,1.23000001907348633,0,0,0,0,0,0,0.23399999737739563,0,0,4.17600011825561523,41,71
0,0,0.860000014305114746,0,0,0,0,0,0,0,0,0.860000014305114746,0,0,0,0,0,0.860000014305114746,0.860000014305114746,0,2.57999992370605469,0,0,0,1.72000002861022949,0.860000014305114746,0,0.860000014305114746,0,0.860000014305114746,0.860000014305114746,0,0,0,0.860000014305114746,0.860000014305114746,0,0,0,0,0,0,0,0,0,0,0,0,0,0.109999999403953552,0,0.109999999403953552,0,0,1.81200003623962402,10,58
0,0,0.360000014305114746,0,0.360000014305114746,0,0,0,0.360000014305114746,0.360000014305114746,0,0.360000014305114746,0,1.09000003337860107,0,1.80999994277954102,0,0,3.63000011444091797,0,1.45000004768371582,0,0,0,0,0,0,0,0,0,0,0,0,0,0,0,0,0,0,0,0,0,0,0,0,0,0,0,0,0.125,0,0.125,0,0,1.28699994087219238,5,94
0,0,0,0,0,0,0,0,0,0,0,0,0,1.75,0,0,0,0,1.75,0,0,0,0,0,0,0,0,0,0,0,0,0,0,0,0,0,0,0,0,0,0,0,0,0,0,0,0,0,0,0,0,0.25,0,0,1.28499996662139893,3,18
0,0,0,0,0,0,0,0,0,0,0,0,0,0,0,0,0,0,0,0,0,0,0,0,0,0,0,0,0,0,0,0,0,0,0,0,0,0,0,0,0,0,0,0,0,0,0,0,0,0,0,4.3470001220703125,0,0,1,1,2
0,0.620000004768371582,0.620000004768371582,0,0,0.620000004768371582,0,2.81999993324279785,0,0.310000002384185791,0.310000002384185791,2.5,0,0,0,2.5,0,0,5.32000017166137695,0.310000002384185791,1.55999994277954102,0,0,0.620000004768371582,0,0,0,0,0,0,0,0,0,0,0,0,0,0,0,0,0,0,0,0,0,0,0,0,0,0.0549999997019767761,0,0.111000001430511475,0.111000001430511475,0.0549999997019767761,1.67200005054473877,6,92
0.0500000007450580597,0.0500000007450580597,0.400000005960464478,0,0.340000003576278687,0,0,0,0.569999992847442627,0.0500000007450580597,0,0.280000001192092896,0.109999999403953552,0,0,0.170000001788139343,0,0,1.03999996185302734,0.0500000007450580597,0.920000016689300537,0,0,0.0500000007450580597,0,0,0,0,0.0500000007450580597,0,0,0,0,0,0,0,0,0,0,0,0,0.109999999403953552,0,0,0.0500000007450580597,0,0,0,0.0189999993890523911,0.098999999463558197,0,0.0890000015497207642,0.0790000036358833313,0.00899999961256980896,4.92399978637695312,95,1310
0,0.810000002384185791,1.47000002861022949,0,1.29999995231628418,0,0.980000019073486328,0.980000019073486328,0.319999992847442627,1.78999996185302734,0,0.810000002384185791,0,0,0.319999992847442627,0.490000009536743164,0.64999997615814209,0,0.980000019073486328,0.159999996423721313,1.29999995231628418,0,0,0,0,0,0,0,0,0,0,0,0,0,0,0.159999996423721313,0,0,0,0.159999996423721313,0,0,0,0,0,0,0,0,0,0.246000006794929504,0,0.179000005125999451,0.672999978065490723,0,2.92199993133544922,113,640
0,0,0,0,0,0,0,0,0,0,0,1.27999997138977051,0,0,0,0,0,0,3.83999991416931152,0,0,0,0,0,0,0,0,0,0,0,0,0,0,0,0,0,0,0,0,0,0,0,0,0,0,2.55999994277954102,0,0,0.181999996304512024,0.181999996304512024,0,0,0,0,1,1,9
0,2.06999993324279785,0,0,0,0,0,0,1.54999995231628418,0,0,0.509999990463256836,0,0,0,0,0,0,1.02999997138977051,0,0,0,0,0,0.509999990463256836,0,2.58999991416931152,0,0,0,0,0,0,0,0,0,0,0,0,0,0,0,0,0,0,0,0,0,0,0.0700000002980232239,0,0,0.14100000262260437,0.210999995470046997,25.8120002746582031,104,413
0.990000009536743164,0,0.990000009536743164,0,0,0,0,0,0,0,0,0,0,0,0,0,0,0,1.98000001907348633,0,0,0,0,0,0,0,0,0,0,0,0,0,0,0,0,0,0,0,0,0,0,0,0,0,1.98000001907348633,2.97000002861022949,0,0,0,0,0,0.186000004410743713,0,0,1.93700003623962402,15,62
0,0,0,0,0,0,0,0,0,0,0,0,0,0,0,0,0,0,0,0,0,0,0,0,2.05999994277954102,0,0,0,0,0,0,0,1.02999997138977051,0,0,0,0,0,0,0,0,0,0,0,0,0,0,0,0,0.342000007629394531,0,0,0,0,2.21700000762939453,10,51
0,0,0,0,0.819999992847442627,0,0,0,0,0,0,1.64999997615814209,0,0,0,0,0.819999992847442627,0,0,0,0,0,0,0,0,0,0,0,0,0,0,0,0,0,0,0,0.819999992847442627,0,0,0,0,0,0,3.29999995231628418,0,0,0,0,0,0,0,0,0,0,2.05999994277954102,8,68
0,0,0,0,0,0,0,0,0,0,0,0,0,0,0,0,1.48000001907348633,0,1.48000001907348633,0,0.740000009536743164,0,0,0,2.96000003814697266,0,0,0.740000009536743164,0,0,0,0,0,0,0,0,0,0,0,0,0,0,0,0,0,0,0,0,0,0.104999996721744537,0,0,0.104999996721744537,0.104999996721744537,2.55500006675720215,12,69
0,0,0,0,1.37999999523162842,0,0,0,0,0,0,4.15999984741210938,0,0,0,0,0,0,0,0,0,0,0,0,0,0,0,0,6.94000005722045898,0,0,0,0,0,0,0,0,0,0,0,0,6.94000005722045898,0,0,0,0,0,0,0,0.238000005483627319,0,0,0,0,1.57799994945526123,4,30
0,0,0,0,0.209999993443489075,0,0,0,0,0,0,0,0,0,0,0,0,0,0,0,0,0.209999993443489075,0,0,0,0,0,0,0,0,0,0,0,0,0,0,0,0,0,0,0,0,0,0,0,0,0,0,0,0.204999998211860657,0,0.034000001847743988,0,0,3.1679999828338623,15,339
0,0,0,0,0.579999983310699463,0,0,0,0,0,0,0,0,0,0,0,0,0,0.870000004768371582,0,0.289999991655349731,0,0,0,0.289999991655349731,0.289999991655349731,0.289999991655349731,0.579999983310699463,0,0,0,0,0,0.289999991655349731,0.579999983310699463,0,0,0,0,0,0,0,0,0,0,0,0,0,0,0.219999998807907104,0,0,2.03800010681152344,0,13.5620002746582031,351,434
0,0,0.25,0,0,0.25,0.5,0.25,0,0,0,0,0,0,0,0,0,0,1.25,0,0.25,0,0,0,0,0,0,0,0,0,0,0,0,0,0,0,0,0,0,0,0,0,0,0,0.25,0,0,0,0,0.180000007152557373,0,0.0450000017881393433,0,0,1.32400000095367432,5,98
0,0,0,0,0,1.21000003814697266,0,0,0,0,0,0,0,0,0,0,0,0,1.21000003814697266,0,1.21000003814697266,2.43000006675720215,0,0,0,0,0,0,0,0,0,0,0,0,0,0,0,0,0,0,0,0,0,0,1.21000003814697266,0,0,0,0,0,0,1.62699997425079346,0,0.465000003576278687,2.59100008010864258,31,127
0,0,0.25,0,0.119999997317790985,0.119999997317790985,0,0.119999997317790985,0.25,0,0.119999997317790985,1.13999998569488525,0.25,0,0,0,0.25,0,0,0,0,0,0.25,0,3.03999996185302734,0,0,0,0,0,0,0,0,0,0,0,0.119999997317790985,0,0,0,0,0,0,0,0,0,0,0,0,0.119999997317790985,0,0,0.017000000923871994,0,2.4440000057220459,24,418
0,0,0,0,0,0,0,0,0,0,0,2.84999990463256836,0,0,0,0,0,0,8.56999969482421875,0,0,0,0,0,0,0,0,0,0,0,0,0,0,0,0,0,0,0,0,0,0,0,0,0,2.84999990463256836,0,0,0,0,0,0,0,0,0,1,1,7
0,0,0,0,0,0,0,0,0,0,0,0,0,0,0,0,0,0,0,0,0,0,0,0,0,0,0,0,0,0,0,0,0,0,0,0,0,0,0,0,0,0,0,0,0,0,0,0,0,0,0,0.39100000262260437,0,0,1.33299994468688965,4,20
0,0,0,0,0,0,0,0,0,0,0,0,0,0,0,0,0,0,0,0,0,0,0,0,0,0,1.62999999523162842,0,0,0,0,0,0,0,0,0,0,0,0,0,0,0,0,0,1.62999999523162842,0,0,0,0,0,0,0,0,0,1.66600000858306885,7,25
0,0,0,0,0,0,0,0,0,0,0,0,0,0,0,0,0,0,0,0,0,0,0,0,0,0,0,0,0,0,0,0,0,0,0,0,0,0,0,0,0,3.70000004768371582,0,0,0,0,0,0,0,0,0,0.523000001907348633,0,0,2.57100009918212891,10,36
0,0.360000014305114746,0.360000014305114746,0,0,0.360000014305114746,0,0.730000019073486328,0,0.360000014305114746,0.360000014305114746,1.46000003814697266,0,0,0,0.360000014305114746,0,2.55999994277954102,2.93000006675720215,0,0.360000014305114746,0,0,0.730000019073486328,0,0,0,0,0,0,0,0,0,0,0,0,0,0,0,0,0,0,0.360000014305114746,0,0,0,0,0,0,0,0,0,0.123000003397464752,0,2.85400009155273438,68,157
0,0,0,0,0,0,0,0,0,0,0,0,1.44000005722045898,0,0,1.44000005722045898,0,0,5.78999996185302734,0,1.44000005722045898,0,1.44000005722045898,0,0,0,0,0,0,0,0,0,0,0,0,0,0,0,0,0,0,0,0,0,0,0,0,0,0,0,0,0.542999982833862305,0.270999997854232788,0,2.15700006484985352,11,41
0,0,0,0,0,0,0,0,0,0,0,1,0,0,0,0,0,0,0,0,0,0,0,0,0,0,0,0,0,0,0,0,0,0,0,0,0,0,0,0,0,0,0,0,0,0,0,0,0,0,0,0,0,0,1.73300004005432129,9,26
0,0,0,0,0,0,0,0,0,0,0,0,0,0,0,0,0,0,0,0,0,0,0,0,0,0,0,0,0,0,0,0,0,0,0,0,0,0,0,0,0,0,0,0,0,0,0,0,0,0.612999975681304932,0,0,0,0,2,3,6
0,0.23999999463558197,0,0,0.23999999463558197,0,0,0.23999999463558197,0,0.490000009536743164,0,0,0,1.49000000953674316,0,0,0,0,0.990000009536743164,0,0,0,0,0,0.490000009536743164,0,0.23999999463558197,0,0,0,0.23999999463558197,0,0,0,0.23999999463558197,0,0.490000009536743164,0,0,0,0,0,0,0,0,0,0,0,0,0,0,0,0.163000002503395081,0,9.87600040435791016,235,1116
0,0,0,0,0,0,0,0,0,0,0,0,0,0,0,0,0,0,3.44000005722045898,0,0,0,0,0,0,0,0,0,0,0,0,0,0,0,0,0,0,0,0,0,0,0,0,0,3.44000005722045898,0,0,0,0,0,0,0,0,0,1.60000002384185791,4,8
0.64999997615814209,0,0.64999997615814209,0,1.29999995231628418,0,0,0,0,0,0,0.64999997615814209,0,0,0,1.29999995231628418,0.64999997615814209,0,1.96000003814697266,0,2.6099998950958252,0,0.64999997615814209,0,0,0,0,0,0,0,0,0,0,0,0,0,0,0,0,0,0,0,0,0,0,0,0,0,0,0,0,0.833999991416931152,0.462999999523162842,0,2.44000005722045898,22,122
0,0,0,0,0,0,0,0,0.27000001072883606,0,0,0.27000001072883606,0,1.36000001430511475,0,0,0.27000001072883606,0,0.810000002384185791,0,0.540000021457672119,0,0,0,0.27000001072883606,0,0,0,0,0,0,0,0,0,0.27000001072883606,0,0,0,0,0,0,1.09000003337860107,0,0,0,0,1.90999996662139893,0,0,0,0,0,0,0.230000004172325134,2.52099990844726562,31,517
0,0,0,0,2.84999990463256836,0,0,0,0,0,0,0,0,2.84999990463256836,0,0,0,2.84999990463256836,0,0,2.84999990463256836,0,0,0,0,0,2.84999990463256836,0,0,0,0,0,2.84999990463256836,0,0,2.84999990463256836,0,0,0,0,0,0,0,0,2.84999990463256836,0,0,0,0,0,0,0,0,0,3.79999995231628418,29,38
0,0,0,0,0,0,0,0,0,0,0,1.39999997615814209,0,0,0,0,0.699999988079071045,0,1.39999997615814209,0,1.39999997615814209,0,0,0,0,0,0.699999988079071045,0,0,0,0.699999988079071045,0,0,0,0,0,0,0,0,2.1099998950958252,0,0,0,0,0,0,0,0,0,0.26600000262260437,0.0659999996423721313,0,0,0,18,200,378
0,0,0,0,0,0,0,0,0,0,0,0,0,0,0,0,0,0,0,0,0,0,0,0,0,0,0,0,0,0,0,0,0,0,0,0,1.52999997138977051,0,0,0,3.06999993324279785,0,1.52999997138977051,0,1.52999997138977051,3.06999993324279785,0,0,0,0.252999991178512573,0.252999991178512573,0,0,0,2.2349998950958252,12,38
0,0,0,0,0,0,0,0,0,0,0,0,0,0,0,0,0,0,0,0,0,0,0,0,0,0,0,0,0,0,0,0,0,0,0,0,0,0,0,0,0,0,0,0,0,0,0,0,0,0,0,0,0,0,4.25,10,17
0,0,0.180000007152557373,0,0,0.0900000035762786865,0,0,0,0,0,0.939999997615814209,0.370000004768371582,0,0,0,0.280000001192092896,0,0,0,0,0,0,0,1.40999996662139893,0,0,0,0,0,0,0,0.839999973773956299,0,0,0.469999998807907104,0.0900000035762786865,0.0900000035762786865,0,0,0,0,0,0,0,0,0,0,0.052000001072883606,0.064999997615814209,0,0,0,0,2.02200007438659668,19,451
0,0,0.340000003576278687,0,0,0,0.340000003576278687,0,0,0.340000003576278687,0,0.340000003576278687,0,0,0,0.680000007152557373,0.340000003576278687,0.340000003576278687,0.680000007152557373,0.340000003576278687,0.340000003576278687,0,0,0,0,0,0,0,0,0,0,0,0,0,0,0,0,0,0,0.340000003576278687,0,0,0,0,0,0,0.340000003576278687,0,0,0.393000006675720215,0,0.224999994039535522,0.0560000017285346985,0,2.25699996948242188,17,158
0,0,0.180000007152557373,0,0.550000011920928955,0.370000004768371582,0.180000007152557373,0.180000007152557373,0,0.180000007152557373,0,0.180000007152557373,0,0,0,0,0,0,0.740000009536743164,0,0.370000004768371582,0,0.180000007152557373,0,0,0,0,0,0,0,0,0,0.550000011920928955,0,0,0.740000009536743164,0,0,0,0,0,0,0,0,0,0,0,0,0,0.0810000002384185791,0,0,0.0270000007003545761,1.625,2.32599997520446777,11,363
0,0.25,0.75,0,1,0.25,0,0,0,0,0.25,0.25,1.25,0,0,0.25,0,1.25,2.50999999046325684,0,1.75,0,0.25,0,0,0,0.25,0,0,0,0,0,0,0,0,0,0,0,0,0,0,0,0,0,0,0,0,0,0,0,0,0.0419999994337558746,0,0,1.20399999618530273,7,118
0.759999990463256836,0.189999997615814209,0.379999995231628418,0,0.189999997615814209,0.119999997317790985,0,0.25,0.759999990463256836,0.310000002384185791,0.25,1.51999998092651367,0.310000002384185791,0.379999995231628418,0,0.379999995231628418,0.439999997615814209,0.0599999986588954926,2.98000001907348633,0.689999997615814209,1.25999999046325684,0,0.439999997615814209,0.759999990463256836,0,0,0,0,0,0,0,0,0,0,0,0,0,0,0,0.119999997317790985,0,0,0.0599999986588954926,0,0,0,0,0,0,0.0869999974966049194,0.0540000014007091522,0.43900001049041748,0.240999996662139893,0.064999997615814209,3.70199990272521973,45,1070
0,0,0,0,0,0,0,0,0,0,0,0,0,0,0,0,0,0,0.800000011920928955,0,0,0,0,0,0,0,0,0,0,0,0,0,0,0,0,0,0.800000011920928955,0,0,0,0,0,0,0.800000011920928955,0.800000011920928955,0.800000011920928955,0,0,0,0.149000003933906555,0,0,0,0,1.89999997615814209,15,57
0,0,0.310000002384185791,0,1.03999996185302734,0.100000001490116119,0,0,0,0,0,0.100000001490116119,0,0,0,0,0,0,0.200000002980232239,0,0,0,0,0,0.409999996423721313,0.200000002980232239,0.519999980926513672,0.200000002980232239,0.200000002980232239,0.200000002980232239,0.200000002980232239,0.200000002980232239,0.409999996423721313,0.200000002980232239,0.200000002980232239,0.200000002980232239,0.100000001490116119,1.5700000524520874,0.100000001490116119,0.200000002980232239,0,0.409999996423721313,0.100000001490116119,0.100000001490116119,0.100000001490116119,0,0,0.100000001490116119,0.0670000016689300537,0.523000001907348633,0.0160000007599592209,0,0.0160000007599592209,0.0329999998211860657,2.23200011253356934,47,393
0,0,0,0,0,0,0,0,0,0,0,0,0,0,0,0,0,0,0,0,5.26000022888183594,0,0,0,0,0,0,0,0,0,0,0,0,0,0,0,0,0,0,0,0,0,0,0,5.26000022888183594,0,0,0,0,0,0,0,0,0,1,1,6
0,0,0,0,1.05999994277954102,0,0,0,0,0,0,1.05999994277954102,0,0,0,0,0,0,1.05999994277954102,0,1.05999994277954102,0,0,0,1.05999994277954102,1.05999994277954102,0,0,0,0,0,0,0,0,0,0,0,0,0,0,0,0,0,3.19000005722045898,0,0,0,0,0,0.180999994277954102,0,0,0,0,1.39999997615814209,4,28
0,1.25999999046325684,0,0,0,0,0,0,0,0,0,0,0,0,0,1.25999999046325684,0,0,1.25999999046325684,0,0,0,0,0,0,0,0,0,0,0,0,0,0,0,0,0,0,0,0,0,0,0,0,0,0,0,0,0,0,0,0,0.416000008583068848,0,0,9.78499984741210938,42,137
0,0,1.28999996185302734,0,0,0,0,0,0,0,0,1.28999996185302734,0,0,0,0,0,0,1.28999996185302734,0,5.19000005722045898,0,0,1.28999996185302734,0,0,0,0,0,0,0,0,0,0,0,0,0,0,0,0,0,0,0,0,0,0,0,0,0,0,0,0,0.197999998927116394,0,4.23000001907348633,25,55
0,0,0,0,0,0,0,0,0,0,0,0,0,0,0,0,0,0,0,0,0,0,0,0,0,0,0,0,0,0,0,0,0,0,0,0,0,0,0,0,0,0,0,0,0,9.09000015258789062,0,0,0,0,0,0,0,0,2.42799997329711914,5,17
0.189999997615814209,0,0.389999985694885254,0,1.24000000953674316,0.129999995231628418,0,0.0599999986588954926,0.319999992847442627,0,0,0.449999988079071045,0.259999990463256836,0,0,0,0.129999995231628418,0,1.24000000953674316,0,0.389999985694885254,0,0.0599999986588954926,0,1.03999996185302734,0,0,0,0,0,0,0,0,0,0,0.0599999986588954926,0,0,0,0,0,0,0,0,0.389999985694885254,0,0,0,0,0.0299999993294477463,0,0,0.0299999993294477463,0,1.57099997997283936,42,297
0,0,0,0,0,0,0,0,0,0,0,0,0,0,0,0,0,0,0,0,0,0,0,0,0,0,20,0,0,0,0,0,0,0,0,0,0,0,0,0,0,0,0,0,0,0,0,0,0,0,0,0,0,0,1.5,3,6
0.340000003576278687,1.36000001430511475,0,0,0,0,0,0,0.340000003576278687,1.70000004768371582,0,0,0,0,0,0,0,0,1.70000004768371582,0,0.340000003576278687,0,0,0,1.36000001430511475,0.680000007152557373,1.01999998092651367,0.340000003576278687,0.340000003576278687,0.340000003576278687,0.340000003576278687,0.340000003576278687,0,0.340000003576278687,0.340000003576278687,0.340000003576278687,0.340000003576278687,0,0.340000003576278687,0.340000003576278687,0,0,0.340000003576278687,0,0.340000003576278687,0,0,0,0,0.24400000274181366,0,0,0,0,1.69599997997283936,13,112
0,0,0.140000000596046448,0,0.289999991655349731,0,0.140000000596046448,0,0.579999983310699463,0,0.289999991655349731,0,0,0,0,0.870000004768371582,0,1.46000003814697266,0.579999983310699463,0,0,0,0,0,0,0,0,0.430000007152557373,0,0,0,0,0,0,0,0,0.289999991655349731,0,0,0,0,0,0,0,0,0,0,0,0,0.0799999982118606567,0,0.763999998569488525,0.783999979496002197,0.0199999995529651642,4.97900009155273438,45,1200
0.27000001072883606,0,0.129999995231628418,0,0.819999992847442627,0,0,0,0,0,0,0.550000011920928955,0.409999996423721313,0,0,0,0,0,1.24000000953674316,0,1.10000002384185791,0,0,0,1.64999997615814209,0.819999992847442627,0.129999995231628418,0.129999995231628418,0.129999995231628418,0.129999995231628418,0.129999995231628418,0.129999995231628418,0,0.129999995231628418,0.129999995231628418,0.129999995231628418,0.409999996423721313,0,0,0.129999995231628418,0,0.409999996423721313,0.129999995231628418,0,0.409999996423721313,0,0,0.27000001072883606,0.0410000011324882507,0.101999998092651367,0.0199999995529651642,0.0199999995529651642,0,0,2.77999997138977051,34,367
1.02999997138977051,0,0,0,1.02999997138977051,0,0,0,0,0,0,0,0,0,0,0,0,0,1.02999997138977051,0,1.02999997138977051,0,0,0,0,0,0,0,0,0,0,0,0,0,0,0,0,0,0,0,0,3.08999991416931152,0,0,0,0,0,0,0,0.185000002384185791,0,0.370000004768371582,0,0,2.27699995040893555,11,41
0,0.990000009536743164,0,0,0.490000009536743164,0,0,0.490000009536743164,0,0,0,0.490000009536743164,0,0,0,0,0,1.98000001907348633,2.97000002861022949,0,1.48000001907348633,0,0,0,0,0,0,0,0,0,0,0,0,0,0,0.490000009536743164,0,0,0,0,0,0,0,0,0,0,0,0,0,0,0,0.0810000002384185791,0,0,1.34800004959106445,4,58
0,0,0,0,0,0,0,0,0,0,0,3.22000002861022949,0,0,0,0,0,0,0,0,0,0,0,0,0,0,0,0,0,0,0,0,0,0,0,0,0,0,0,0,3.22000002861022949,0,0,0,0,3.22000002861022949,0,0,0,0.526000022888183594,0,0,0,0,1.57099997997283936,3,11
0.349999994039535522,0,0.349999994039535522,0,0,0,0,0,0,0,0,0.349999994039535522,0,0,0,0,0,0,1.41999995708465576,0,0.709999978542327881,0,0,0,0,0,0.349999994039535522,0,0,0,0,0,0.349999994039535522,0,0,0,0,0,0,0,0,0,0,0,0,0,0,0,0,0,0,0,0,0,1.29200005531311035,4,84
0,0,0,0,0,0,0,0,0.60000002384185791,0,0,0,0,0,0,0,0,0,0.60000002384185791,0,1.21000003814697266,0,0,0,3.63000011444091797,1.21000003814697266,1.21000003814697266,0.60000002384185791,0.60000002384185791,1.80999994277954102,0.60000002384185791,0.60000002384185791,0,0.60000002384185791,0.60000002384185791,0.60000002384185791,0,0,0,0.60000002384185791,0,0,0,0,0.60000002384185791,0,0,0,0,0.131999999284744263,0,0,0,0,4.53599977493286133,52,186
0,0,0.469999998807907104,0,1.4299999475479126,0,0,0,0,0,0,0.949999988079071045,0,0,0,0.469999998807907104,0.949999988079071045,0,3.33999991416931152,0,1.90999996662139893,0,0.469999998807907104,0,0,0,0,0,0,0,0,0,0,0,0,0,0,0,0,0,0,0,0,0,1.4299999475479126,0,0,0,0,0.0759999975562095642,0,0.53600001335144043,0.305999994277954102,0,4.6529998779296875,78,242
0.340000003576278687,1.02999997138977051,0.340000003576278687,0,1.02999997138977051,0,2.41000008583068848,0.340000003576278687,0,1.72000002861022949,2.05999994277954102,2.05999994277954102,0.680000007152557373,0,0.340000003576278687,0,0,3.44000005722045898,4.13000011444091797,0,2.05999994277954102,0,0,0,0,0,0,0,0,0,0,0,0,0,0,0,0,0,0,0,0,0,0,0,0,0,0,0,0,0.115999996662139893,0,0,0,0,1.8880000114440918,6,68
0,0,0,0,0,0,0,0,0,0,0,0,0,0,0,0,0,0,0,0,0,0,0,0,0,0,0,0,0,0,0,0,0,0,0,0,0,0,0,0,0,0,0,0,0,0,0,0,0,0,0,0,0,0,3.33299994468688965,8,10
0,0,0,0,0.340000003576278687,0,0,0.340000003576278687,0,1.70000004768371582,0,1.36000001430511475,0.340000003576278687,0,0,0,0.340000003576278687,0,1.36000001430511475,0,0,0,0,0,0.340000003576278687,0.340000003576278687,1.01999998092651367,0,0,0,0,0,0,0,0.340000003576278687,0,0.340000003576278687,0,0,0,0,0,0,2.38000011444091797,0,0,0,0,0,0.0549999997019767761,0.109999999403953552,0,0,0,1.42100000381469727,8,91
0,0,0,0,0,0,0,0,0,0,0,3.22000002861022949,0,0,0,0,0,0,0,0,0,0,0,0,0,0,0,0,0,0,0,0,0,0,0,0,0,0,3.22000002861022949,0,0,0,0,0,0,0,0,0,0,0,0,0.56400001049041748,0,0,1.81799995899200439,9,20
