-0.897899985313415527,1.59140002727508545,0.360900014638900757,0.16210000216960907,0.49230000376701355,1.17569994926452637,0.331999987363815308,-0.485300004482269287,-0.769800007343292236,0.57510000467300415,1.59309995174407959,0.696799993515014648,-0.105899997055530548,0.634100019931793213,3.40799999237060547,-0.521399974822998047,1.99409997463226318,-0.972100019454956055,-0.282999992370605469,0.642599999904632568
-2.01309990882873535,-1.06369996070861816,-1.06050002574920654,0.386200010776519775,-0.242599993944168091,0.834800004959106445,-0.684300005435943604,1.35810005664825439,-1.66989994049072266,-2.29169988632202148,0.497599989175796509,-1.54929995536804199,-0.145400002598762512,-0.355899989604949951,1.26849997043609619,-0.547900021076202393,0.180399999022483826,-0.712000012397766113,-0.24660000205039978,0.95010000467300415
-0.0586999990046024323,0.600799977779388428,0.269499987363815308,-1.64320003986358643,0.926199972629547119,1.60899996757507324,0.088200002908706665,0.22630000114440918,-0.0315999984741210938,0.0781000033020973206,1.12160003185272217,0.176100000739097595,-2.20860004425048828,-0.535600006580352783,-0.852900028228759766,0.51389998197555542,0.533399999141693115,-0.376800000667572021,-0.15700000524520874,0.133699998259544373
1.11489999294281006,0.186399996280670166,-0.231299996376037598,-0.129099994897842407,-0.791400015354156494,0.936399996280670166,3.27690005302429199,-1.52680003643035889,-1.2425999641418457,1.28540003299713135,-0.557299971580505371,-0.0816000029444694519,0.928200006484985352,0.609799981117248535,1.06470000743865967,0.535399973392486572,1.3992999792098999,1.24660003185272217,1.74639999866485596,-0.696799993515014648
-1.2509000301361084,-0.166500002145767212,-0.177399992942810059,0.27709999680519104,0.0267999991774559021,0.117200002074241638,-0.644800007343292236,-0.793500006198883057,0.45010000467300415,-0.187199994921684265,-1.84909999370574951,-1.00179994106292725,0.506399989128112793,0.530700027942657471,-0.180600002408027649,0.686100006103515625,-1.39199995994567871,1.06500005722045898,-0.959999978542327881,-1.47560000419616699
-0.93470001220703125,1.1325000524520874,-3.58640003204345703,0.595399975776672363,1.04670000076293945,0.639800012111663818,0.832199990749359131,0.422699987888336182,0.872500002384185791,1.28139996528625488,-0.354200005531311035,-0.363000005483627319,1.99090003967285156,1.19130003452301025,0.568499982357025146,1.15830004215240479,1.13829994201660156,-0.762000024318695068,0.278899997472763062,0.449400007724761963
0.472799986600875854,0.152400001883506775,-0.256500005722045898,-0.0631000027060508728,-0.554499983787536621,-1.31599998474121094,-0.440400004386901855,-0.460900008678436279,1.07009994983673096,1.64049994945526123,-0.873799979686737061,-1.19040000438690186,0.410199999809265137,0.710399985313415527,0.661599993705749512,-1.85399997234344482,-2.73979997634887695,2.22280001640319824,1.28190004825592041,-1.0139000415802002
0.628700017929077148,1.14769995212554932,-0.515299975872039795,0.515999972820281982,1.68449997901916504,1.00189995765686035,0.736299991607666016,1.32899999618530273,0.296999990940093994,-0.3125,1.96790003776550293,0.247199997305870056,1.09529995918273926,1.32969999313354492,-0.468400001525878906,-1.09270000457763672,0.372799992561340332,1.63450002670288086,-1.31070005893707275,-0.0181000009179115295
0.750699996948242188,0.676900029182434082,0.26109999418258667,-0.228699997067451477,1.19719994068145752,0.41319999098777771,1.09689998626708984,-0.224199995398521423,1.36819994449615479,-0.303000003099441528,1.9253000020980835,1.83469998836517334,0.358500003814697266,-0.303499996662139893,0.000199999994947575033,0.345499992370605469,-0.478899985551834106,0.527199983596801758,0.835500001907348633,-1.42330002784729004
0.0425000004470348358,0.318899989128112793,-0.364800006151199341,0.369800001382827759,0.472400009632110596,0.669900000095367432,-0.78600001335144043,-0.0278999991714954376,-1.47119998931884766,-0.652899980545043945,-1.53579998016357422,0.409599989652633667,-0.0623000003397464752,-1.2620999813079834,-0.501600027084350586,-3.19250011444091797,0.20180000364780426,0.134599998593330383,0.456699997186660767,-0.0847999975085258484
1.07799994945526123,-1.34169995784759521,0.679099977016448975,-1.02359998226165771,-1.28299999237060547,-1.14429998397827148,-0.527100026607513428,-0.433400005102157593,1.17589998245239258,0.344900012016296387,-1.0374000072479248,-1.12119996547698975,-1.20179998874664307,0.480800002813339233,-0.622699975967407227,-0.962800025939941406,0.302899986505508423,-1.23570001125335693,-1.07330000400543213,-0.539499998092651367
1.20410001277923584,0.0300999991595745087,1.91610002517700195,1.36409997940063477,0.213599994778633118,-1.48399996757507324,-0.490599989891052246,-0.504999995231628418,0.303200006484985352,-0.300500005483627319,0.511699974536895752,0.845000028610229492,1.89020001888275146,1.16489994525909424,2.79800009727478027,0.842199981212615967,0.919000029563903809,0.462900012731552124,1.48510003089904785,-0.659099996089935303
-0.855300009250640869,-0.256399989128112793,-0.746999979019165039,-1.09599995613098145,0.574599981307983398,2.16569995880126953,1.75189995765686035,2.3647000789642334,1.73860001564025879,-0.31869998574256897,0.259499996900558472,-0.209000006318092346,-0.115400001406669617,-0.38670000433921814,1.98420000076293945,-1.23430001735687256,1.95500004291534424,-0.103799998760223389,0.10729999840259552,0.174799993634223938
-1.62839996814727783,2.08060002326965332,0.126900002360343933,-0.568400025367736816,0.408699989318847656,1.5821000337600708,0.954900026321411133,-0.862699985504150391,-0.254700005054473877,0.115299999713897705,0.692900002002716064,2.13220000267028809,-1.05429995059967041,1.38950002193450928,-0.861800014972686768,0.469799995422363281,2.51970005035400391,0.603999972343444824,0.708899974822998047,-1.0700000524520874
0.600399971008300781,-0.114200003445148468,-1.37559998035430908,0.837800025939941406,0.146200001239776611,-1.38180005550384521,-1.93060004711151123,-1.24409997463226318,-0.789799988269805908,-0.0604999996721744537,0.362599998712539673,-0.718900024890899658,-0.728500008583068848,-0.250299990177154541,-0.770200014114379883,-0.0938000008463859558,1.38859999179840088,-0.714399993419647217,-0.61239999532699585,1.32710003852844238
2.12719988822937012,-0.0189999993890523911,0.64590001106262207,-1.56420004367828369,0.530099987983703613,0.541000008583068848,0.546100020408630371,-0.0997999981045722961,0.602599978446960449,-0.666100025177001953,-1.12650001049041748,0.226400002837181091,-1.02250003814697266,-2.44210004806518555,-0.469599992036819458,0.230199992656707764,-2.19980001449584961,-1.92569994926452637,-0.0331999994814395905,-1.67200005054473877
0.849200010299682617,0.539799988269805908,0.961300015449523926,1.29059994220733643,-0.624700009822845459,1.27190005779266357,1.55669999122619629,1.34010004997253418,0.0861999988555908203,0.9319000244140625,-0.516700029373168945,-0.59729999303817749,2.24250006675720215,2.98119997978210449,0.74720001220703125,0.214900001883506775,2.05629992485046387,0.510399997234344482,0.9473000168800354,2.6921999454498291
-1.78390002250671387,0.0725999996066093445,-2.87669992446899414,-1.54229998588562012,0.0463000014424324036,-1.17019999027252197,1.25619995594024658,-0.471500009298324585,-2.1847999095916748,-1.08039999008178711,-0.0155999995768070221,-1.38310003280639648,-3.18400001525878906,0.274500012397766113,0.906400024890899658,0.262199997901916504,-1.46770000457763672,-1.1390000581741333,-1.26199996471405029,1.78690004348754883
0.750199973583221436,0.925599992275238037,-0.725799977779388428,2.10339999198913574,0.258500009775161743,0.545599997043609619,-0.622799992561340332,1.22829997539520264,2.40729999542236328,0.553300023078918457,-0.340799987316131592,0.504700005054473877,1.61870002746582031,0.0573999993503093719,-1.61409997940063477,1.49210000038146973,-0.840699970722198486,-0.575399994850158691,0.935400009155273438,-0.78049999475479126
1.03610002994537354,1.2742999792098999,1.17739999294281006,-0.381300002336502075,-0.486200004816055298,2.49140000343322754,0.343699991703033447,-0.0551000013947486877,0.339899986982345581,0.624199986457824707,0.802399992942810059,0.273499995470046997,0.603399991989135742,0.354600012302398682,1.20130002498626709,0.059599999338388443,-1.78589999675750732,0.860300004482269287,1.11779999732971191,2.33069992065429688
-1.15160000324249268,-0.510200023651123047,-0.507799983024597168,0.0623999983072280884,0.609399974346160889,-0.611400008201599121,0.252900004386901855,3.25950002670288086,0.176100000739097595,-0.81379997730255127,0.304300010204315186,-0.330500006675720215,-0.620299994945526123,-0.455799996852874756,0.376399993896484375,1.45290005207061768,1.43400001525878906,1.13139998912811279,1.43900001049041748,-0.841199994087219238
-0.409099996089935303,-0.579900026321411133,-1.1064000129699707,-1.16310000419616699,-2.88490009307861328,-0.35499998927116394,-0.589900016784667969,0.00730000017210841179,0.443100005388259888,0.112400002777576447,-0.99849998950958252,-0.997900009155273438,-1.66190004348754883,0.297600001096725464,-0.96390002965927124,-1.7984999418258667,-1.78649997711181641,-1.01090002059936523,0.0741999968886375427,-0.482600003480911255
0.18580000102519989,-0.293999999761581421,-1.56640005111694336,-0.302500009536743164,-1.11689996719360352,1.07790005207061768,-1.79110002517700195,0.528800010681152344,0.305299997329711914,-1.42620003223419189,-0.885599970817565918,-0.510200023651123047,-0.0221999995410442352,-0.576799988746643066,-2.20260000228881836,-0.0174000002443790436,0.124899998307228088,-1.02579998970031738,-0.429399996995925903,0.588699996471405029
0.271899998188018799,0.754199981689453125,-0.0102000003680586815,0.143399998545646667,0.685199975967407227,1.15740001201629639,0.481000006198883057,0.598800003528594971,-0.921899974346160889,-1.04620003700256348,0.180299997329711914,0.542599976062774658,-1.67830002307891846,-0.120999999344348907,-0.0879999995231628418,1.8078000545501709,1.05879998207092285,-0.510900020599365234,-0.588699996471405029,-0.685699999332427979
0.538500010967254639,1.61960005760192871,-0.50129997730255127,0.314300000667572021,-2.29830002784729004,-0.383100003004074097,1.39670002460479736,-1.11240005493164062,0.855899989604949951,0.712800025939941406,1.21080005168914795,0.37070000171661377,1.98080003261566162,0.20180000364780426,-0.0750000029802322388,0.336699992418289185,0.24169999361038208,0.460999995470046997,0.748000025749206543,-0.652000010013580322
0.510500013828277588,0.0913999974727630615,-0.467400014400482178,-1.74629998207092285,0.367599993944168091,-0.108099997043609619,-1.03849995136260986,-0.601700007915496826,0.355699986219406128,-1.16639995574951172,-2.34549999237060547,-0.545700013637542725,0.748399972915649414,0.382299989461898804,-0.589100003242492676,-1.12370002269744873,-0.484200000762939453,-0.340099990367889404,-1.34210002422332764,-0.475800007581710815
-1.71800005435943604,-1.06760001182556152,-0.257400006055831909,0.531700015068054199,-2.04649996757507324,0.923200011253356934,-0.995800018310546875,-0.713699996471405029,0.159600004553794861,0.518299996852874756,-0.0637999996542930603,-0.239899992942810059,-1.52199995517730713,2.30290007591247559,0.313699990510940552,-0.176300004124641418,-0.156900003552436829,0.984200000762939453,-0.00760000012814998627,-1.31560003757476807
1.11870002746582031,0.938499987125396729,0.693700015544891357,-1.74090003967285156,1.4253000020980835,1.2116999626159668,-1.85130000114440918,0.490700006484985352,3.69790005683898926,0.846499979496002197,3.44539999961853027,0.483500003814697266,1.85609996318817139,1.3881000280380249,2.06850004196166992,1.40520000457763672,1.12170004844665527,-0.273099988698959351,1.46319997310638428,1.84049999713897705
0.964100003242492676,0.743900001049041748,-0.161300003528594971,0.410499989986419678,-0.325800001621246338,0.888700008392333984,0.453999996185302734,0.0710999965667724609,0.209999993443489075,-0.169100001454353333,0.577400028705596924,-0.0820999965071678162,-0.362100005149841309,-0.0850000008940696716,-1.30270004272460938,0.584500014781951904,-1.0812000036239624,1.30760002136230469,0.778800010681152344,0.906599998474121094
-0.352100014686584473,-0.391699999570846558,0.988300025463104248,-0.0219999998807907104,-1.12090003490447998,-1.82340002059936523,-1.64160001277923584,-0.870400011539459229,0.0463999994099140167,0.818300008773803711,0.62929999828338623,-1.32280004024505615,1.31019997596740723,-0.0870999991893768311,0.639999985694885254,-2.06960010528564453,-0.0522000007331371307,-2.83780002593994141,1.17050004005432129,-0.116499997675418854
1.46870005130767822,0.633499979972839355,1.89999997615814209,1.82980000972747803,2.03469991683959961,-0.641900002956390381,-0.661800026893615723,-0.722000002861022949,3.85969996452331543,1.19570004940032959,-0.372900009155273438,1.75670003890991211,0.482400000095367432,2.20000004768371582,0.891700029373168945,-0.570100009441375732,0.224900007247924805,2.32410001754760742,1.68229997158050537,-0.176599994301795959
0.380400002002716064,-0.104900002479553223,-0.68620002269744873,-0.234200000762939453,0.238499999046325684,-1.20650005340576172,-1.45809996128082275,-1.17709994316101074,1.5886000394821167,0.807099997997283936,0.80540001392364502,2.1698000431060791,-0.541800022125244141,0.967599987983703613,2.07760000228881836,1.169700026512146,1.70309996604919434,0.506200015544891357,1.33980000019073486,-0.313300013542175293
-1.26730000972747803,-1.64300000667572021,-0.56950002908706665,-0.628499984741210938,-0.58060002326965332,1.71060001850128174,-1.05669999122619629,-1.08790004253387451,-0.85689997673034668,1.22780001163482666,-0.62779998779296875,-0.256799995899200439,-0.514100015163421631,-1.23119997978210449,0.906099975109100342,-0.817300021648406982,-1.81190001964569092,-0.677999973297119141,0.667400002479553223,0.00150000001303851604
3.0093998908996582,0.640500009059906006,-1.26150000095367432,-0.828299999237060547,-0.722899973392486572,0.422199994325637817,0.185000002384185791,-2.29410004615783691,-1.56560003757476807,-1.33739995956420898,-2.18039989471435547,-2.0102999210357666,-0.152999997138977051,2.36150002479553223,-2.43849992752075195,-0.250999987125396729,0.364199995994567871,0.288399994373321533,-0.806599974632263184,-1.71659994125366211
-0.245499998331069946,-1.54229998588562012,1.3760000467300415,0.821900010108947754,-0.122299998998641968,1.36409997940063477,-0.837700009346008301,-0.749300003051757812,-2.55789995193481445,-1.0671999454498291,0.0944999977946281433,-1.88289999961853027,-1.11360001564025879,-0.133900001645088196,1.56959998607635498,-0.113399997353553772,-0.61119997501373291,-1.25179994106292725,0.536300003528594971,-0.993300020694732666
-1.39530003070831299,0.180500000715255737,-0.118699997663497925,-2.39170002937316895,1.5699000358581543,0.554899990558624268,0.16380000114440918,-1.04910004138946533,-1.62919998168945312,-0.30079999566078186,-0.00949999969452619553,-0.402300000190734863,-1.92879998683929443,1.55079996585845947,-0.217700004577636719,-1.02160000801086426,0.55820000171661377,-1.07930004596710205,0.634299993515014648,-0.268700003623962402
-1.13520002365112305,-1.79610002040863037,1.1679999828338623,-0.398099988698959351,-1.57169997692108154,-1.01080000400543213,0.544000029563903809,0.445100009441375732,-0.667100012302398682,-0.393999993801116943,-0.398600012063980103,0.0520999990403652191,-1.83800005912780762,-1.51709997653961182,-1.07760000228881836,-1.18900001049041748,-0.0269000008702278137,-1.68519997596740723,-1.02929997444152832,-0.734000027179718018
-1.25259995460510254,0.22720000147819519,0.495299994945526123,-0.784300029277801514,0.143500000238418579,1.53509998321533203,0.48339998722076416,0.0221999995410442352,-0.0962999984622001648,1.96800005435943604,1.01380002498626709,-0.0220999997109174728,0.938499987125396729,1.26590001583099365,0.0280000008642673492,1.86619997024536133,-1.19040000438690186,0.0847000032663345337,-0.00319999991916120052,-0.464199990034103394
1.72440004348754883,-0.208900004625320435,1.07920002937316895,0.19089999794960022,0.69029998779296875,1.84109997749328613,0.723800003528594971,-0.803399980068206787,-0.776899993419647217,0.911300003528594971,0.234099999070167542,-0.733699977397918701,2.67379999160766602,2.24499988555908203,0.801100015640258789,-0.514999985694885254,0.948899984359741211,0.118500001728534698,0.984799981117248535,0.621500015258789062
-0.859700024127960205,0.852999985218048096,0.490500003099441528,1.8564000129699707,0.227400004863739014,2.10400009155273438,1.37119996547698975,1.46229994297027588,0.0392000004649162292,0.0709000006318092346,0.388000011444091797,1.91499996185302734,0.224500000476837158,1.23090004920959473,-0.552299976348876953,0.539499998092651367,0.345600008964538574,1.96500003337860107,1.40869998931884766,-0.04010000079870224
0.861899971961975098,1.73720002174377441,-0.681699991226196289,1.48109996318817139,1.20469999313354492,0.696600019931793213,-0.550000011920928955,-0.682900011539459229,2.22480010986328125,0.362300008535385132,0.142599999904632568,-0.989899992942810059,0.288100004196166992,1.81749999523162842,0.04010000079870224,1.0196000337600708,-0.403299987316131592,-1.3740999698638916,-0.18150000274181366,-1.40100002288818359
0.0788000002503395081,-1.66279995441436768,-0.6721000075340271,-0.243699997663497925,-0.817700028419494629,-0.653999984264373779,-2.14010000228881836,-2.05150008201599121,-0.604499995708465576,0.375200003385543823,1.50039994716644287,0.491400003433227539,-0.471100002527236938,-1.06630003452301025,-0.860099971294403076,0.405800014734268188,-0.400400012731552124,-1.67250001430511475,-1.09899997711181641,-0.984000027179718018
-0.450800001621246338,1.33619999885559082,1.00010001659393311,-0.503099977970123291,3.38730001449584961,-0.648400008678436279,-0.0625,0.277900010347366333,-0.0856000036001205444,0.781099975109100342,-1.59630000591278076,0.577199995517730713,-0.0878000035881996155,1.08510005474090576,0.827099978923797607,1.26789999008178711,0.880800008773803711,0.854600012302398682,-0.906199991703033447,2.15939998626708984
0.437999993562698364,1.18509995937347412,-0.760599970817565918,0.196199998259544373,-2.20449995994567871,2.02679991722106934,-1.71000003814697266,0.34729999303817749,0.00400000018998980522,1.23819994926452637,-0.104800000786781311,-0.295599997043609619,-1.74210000038146973,-1.14769995212554932,0.562799990177154541,-0.226099997758865356,-1.05110001564025879,-0.888000011444091797,-0.382499992847442627,0.155100002884864807
0.594600021839141846,1.07410001754760742,0.781799972057342529,-0.516099989414215088,0.219899997115135193,0.0120999999344348907,3.03259992599487305,1.00590002536773682,0.150299996137619019,1.36779999732971191,1.57589995861053467,1.36570000648498535,0.269100010395050049,-0.858099997043609619,-0.022600000724196434,0.719699978828430176,0.494599997997283936,1.55910003185272217,0.472200006246566772,1.10220003128051758
-0.113899998366832733,-0.320399999618530273,-0.358099997043609619,-2.01649999618530273,-0.0549999997019767761,1.04340004920959473,-0.0918999984860420227,0.850199997425079346,0.427899986505508423,1.27830004692077637,0.129999995231628418,1.92960000038146973,-1.73389995098114014,-0.46309998631477356,-1.30700004100799561,1.06519997119903564,0.22120000422000885,0.776300013065338135,0.67640000581741333,0.929799973964691162
0.383799999952316284,0.511200010776519775,0.0516999997198581696,-1.01049995422363281,0.653800010681152344,0.504000008106231689,2.45320010185241699,-0.328000009059906006,-0.139599993824958801,0.287699997425079346,-0.344900012016296387,-0.495200008153915405,-0.811100006103515625,1.23440003395080566,0.644699990749359131,0.754100024700164795,0.177900001406669617,0.891900002956390381,1.88740003108978271,0.527400016784667969
-0.380199998617172241,0.310299992561340332,-0.241600006818771362,-0.750999987125396729,-1.25639998912811279,-0.86669999361038208,-1.01610004901885986,-0.937200009822845459,-0.702300012111663818,1.34089994430541992,-1.06449997425079346,2.00600004196166992,-1.38600003719329834,-0.455300003290176392,-0.0540999993681907654,0.0590999983251094818,-2.14299988746643066,1.42970001697540283,1.34870004653930664,0.440200001001358032
-1.16639995574951172,0.932399988174438477,-2.0215001106262207,0.577799975872039795,-0.548900008201599121,-0.323700010776519775,-0.344700008630752563,0.874599993228912354,-0.0303000006824731827,-1.06389999389648438,-1.7620999813079834,0.372700005769729614,-0.740899980068206787,-1.0439000129699707,-0.643000006675720215,0.177300006151199341,-0.671999990940093994,-0.115500003099441528,-0.409399986267089844,0.415199995040893555
-0.170100003480911255,-0.289600014686584473,0.439999997615814209,0.628400027751922607,-1.16670000553131104,1.25429999828338623,0.563300013542175293,1.39069998264312744,-1.05429995059967041,0.853799998760223389,1.40180003643035889,1.97880005836486816,-1.40509998798370361,-0.00889999978244304657,1.14049994945526123,0.0518000014126300812,-0.540499985218048096,-0.476099997758865356,-0.995100021362304688,0.556400001049041748
-0.926100015640258789,-1.22539997100830078,-1.74070000648498535,-0.136999994516372681,-0.248699992895126343,-0.968400001525878906,0.178299993276596069,-1.11070001125335693,-2.03710007667541504,-1.85029995441436768,1.58299994468688965,0.275299996137619019,-1.23500001430511475,0.170000001788139343,-0.138699993491172791,-0.399399995803833008,-2.48679995536804199,0.0149999996647238731,-1.61479997634887695,-0.891700029373168945
1.4057999849319458,2.19880008697509766,1.17939996719360352,-0.431199997663497925,-0.416999995708465576,1.36419999599456787,-1.04460000991821289,-0.960399985313415527,0.412900000810623169,-1.31710004806518555,-0.757700026035308838,1.25960004329681396,1.18359994888305664,0.784300029277801514,1.72000002861022949,-0.524500012397766113,0.159700006246566772,-0.0878999978303909302,0.983900010585784912,1.59290003776550293
1.37209999561309814,-0.269199997186660767,0.731999993324279785,-0.173899993300437927,-0.503899991512298584,2.0755000114440918,1.03400003910064697,-0.601899981498718262,0.434899985790252686,-0.517799973487854004,2.17729997634887695,0.351500004529953003,0.0478000007569789886,0.275999993085861206,0.171399995684623718,-0.727599978446960449,1.62179994583129883,1.7193000316619873,0.885900020599365234,0.458700001239776611
0.028200000524520874,1.46899998188018799,0.614499986171722412,1.44449996948242188,-0.13439999520778656,-0.83190000057220459,1.06770002841949463,1.03139996528625488,1.86119997501373291,1.06830000877380371,0.452499985694885254,0.650200009346008301,1.13859999179840088,0.644200026988983154,2.19650006294250488,-0.898999989032745361,-0.312900006771087646,1.15869998931884766,0.175899997353553772,0.425000011920928955
-1.06309998035430908,1.88170003890991211,0.423200011253356934,-1.48710000514984131,-0.386500000953674316,-1.49709999561309814,-0.410800009965896606,0.150800004601478577,-0.398499995470046997,-0.649200022220611572,0.298900008201599121,-1.72959995269775391,-0.753700017929077148,-0.752900004386901855,-0.74169999361038208,-0.571200013160705566,1.44780004024505615,0.115999996662139893,0.663200020790100098,-1.18429994583129883
0.543299973011016846,2.01230001449584961,2.97309994697570801,0.428200006484985352,2.17600011825561523,1.87419998645782471,-0.615599989891052246,-1.15550005435943604,-0.262199997901916504,0.716600000858306885,0.192699998617172241,0.163200005888938904,-0.213200002908706665,1.49179995059967041,-0.641900002956390381,0.67760002613067627,-1.29209995269775391,-0.359100013971328735,-0.480699986219406128,0.0359999984502792358
1.54059994220733643,2.2528998851776123,-1.51740002632141113,-1.40199995040893555,-0.403400003910064697,-1.08879995346069336,1.50349998474121094,1.30110001564025879,-1.02890002727508545,1.54690003395080566,0.646200001239776611,0.265599995851516724,1.17799997329711914,-0.757300019264221191,1.81140005588531494,0.392100006341934204,1.78050005435943604,1.22109997272491455,-0.982699990272521973,0.0496000014245510101
-0.285899996757507324,-2.02640008926391602,-2.01649999618530273,-0.207900002598762512,-1.09179997444152832,-2.12809991836547852,-0.68049997091293335,-1.09920001029968262,-1.6259000301361084,-0.276300013065338135,-0.167600005865097046,0.788100004196166992,0.554099977016448975,-0.18089999258518219,0.409999996423721313,0.839299976825714111,-1.27559995651245117,-0.0640000030398368835,-0.278499990701675415,1.30139994621276855
1.20720005035400391,0.129899993538856506,1.37129998207092285,0.670000016689300537,-0.551299989223480225,0.00270000007003545761,0.358000010251998901,0.036499999463558197,0.970899999141693115,0.252499997615814209,1.7192000150680542,-1.8554999828338623,-0.233500003814697266,1.48150002956390381,2.06189990043640137,0.171599999070167542,0.026000000536441803,1.6315000057220459,-0.587100028991699219,0.0346999987959861755
0.657500028610229492,-0.295800000429153442,0.161100000143051147,-0.394699990749359131,0.0120000001043081284,1.36899995803833008,-0.881399989128112793,-1.22060000896453857,1.0298999547958374,0.629999995231628418,0.938600003719329834,2.62150001525878906,-0.183500006794929504,0.934800028800964355,-2.17260003089904785,1.38039994239807129,-0.401100009679794312,0.0432000011205673218,1.15470004081726074,1.27240002155303955
-0.765100002288818359,0.536199986934661865,-1.90709996223449707,-1.6687999963760376,-0.127599999308586121,-0.565400004386901855,-1.77939999103546143,-1.09259998798370361,-1.50810003280639648,1.40149998664855957,-1.80649995803833008,-1.44790005683898926,-1.46889996528625488,-1.53110003471374512,2.26749992370605469,-3.40199995040893555,-0.156399995088577271,-2.63030004501342773,1.14380002021789551,1.08340001106262207
-0.191200003027915955,-1.62979996204376221,1.34500002861022949,1.92690002918243408,-0.364499986171722412,-0.508899986743927002,2.44729995727539062,-0.950600028038024902,-0.314500004053115845,0.777899980545043945,-0.584999978542327881,-0.231399998068809509,-0.528400003910064697,-0.504400014877319336,-0.290600001811981201,1.65810000896453857,1.49679994583129883,1.43630003929138184,2.39409995079040527,1.71879994869232178
-1.01789999008178711,-2.11369991302490234,0.196400001645088196,0.585699975490570068,-0.198699995875358582,0.662000000476837158,0.333900004625320435,-2.34260010719299316,-1.57219994068145752,0.28200000524520874,-0.373800009489059448,-0.834800004959106445,-0.530399978160858154,-0.563499987125396729,-0.836700022220611572,0.60280001163482666,-1.70159995555877686,-0.725199997425079346,-0.034000001847743988,0.153699994087219238
0.44029998779296875,0.280299991369247437,0.297199994325637817,0.231299996376037598,-0.495499998331069946,0.11159999668598175,-0.841899991035461426,0.737800002098083496,0.136299997568130493,0.944199979305267334,-1.89709997177124023,0.433099985122680664,-0.924199998378753662,-1.15390002727508545,0.32510000467300415,0.767599999904632568,-0.723100006580352783,0.173700004816055298,3.03979992866516113,-0.493900001049041748
1.4758000373840332,-0.214499995112419128,-0.721199989318847656,3.32270002365112305,0.0163000002503395081,-0.202600002288818359,-1.57920002937316895,-0.022600000724196434,0.290800005197525024,0.761699974536895752,-0.896099984645843506,-0.458200007677078247,2.0065000057220459,0.922800004482269287,-0.714100003242492676,0.828400015830993652,-0.834800004959106445,0.466300010681152344,0.619700014591217041,-0.309799998998641968
0.429300010204315186,-0.216999992728233337,0.238000005483627319,2.52300000190734863,0.134700000286102295,-1.06239998340606689,1.72290003299713135,0.103299997746944427,-0.327699989080429077,0.66380000114440918,2.47219991683959961,1.83519995212554932,-1.5615999698638916,0.257600009441375732,1.613800048828125,-1.19470000267028809,-0.0736000016331672668,0.0901999995112419128,-0.569400012493133545,-0.958000004291534424
1.57019996643066406,-1.11479997634887695,-0.755299985408782959,1.44430005550384521,2.91190004348754883,-1.32400000095367432,0.999800026416778564,0.604499995708465576,0.677500009536743164,-0.436100006103515625,0.413300007581710815,-0.591099977493286133,-0.675400018692016602,0.696099996566772461,-0.0811000019311904907,1.27970004081726074,1.52629995346069336,0.320899993181228638,2.10770010948181152,1.0503000020980835
-1.49580001831054688,-0.460200011730194092,-2.29450011253356934,-1.3573000431060791,-2.66459989547729492,0.528299987316131592,-0.963800013065338135,0.77649998664855957,-0.319299995899200439,-0.227799996733665466,-1.09189999103546143,-1.26810002326965332,-0.943700015544891357,-0.906499981880187988,-0.731199979782104492,-0.998399972915649414,-1.00429999828338623,-0.0606000013649463654,-0.519599974155426025,-0.511900007724761963
1.3312000036239624,1.21280002593994141,-1.9934999942779541,1.41989994049072266,0.77640002965927124,0.700900018215179443,-0.031800001859664917,0.70840001106262207,-1.23909997940063477,1.79970002174377441,0.184900000691413879,0.372700005769729614,0.818499982357025146,1.36919999122619629,0.298500001430511475,0.582799971103668213,1.85889995098114014,1.00080001354217529,1.04980003833770752,0.536800026893615723
-0.378300011157989502,1.42229998111724854,0.57239997386932373,1.67760002613067627,-1.14189994335174561,-0.509999990463256836,0.0513999983668327332,-0.680999994277954102,0.356000006198883057,0.865999996662139893,1.35829997062683105,0.366800010204315186,0.53479999303817749,0.5778999924659729,0.843800008296966553,-0.666499972343444824,1.55859994888305664,1.19819998741149902,-0.333600014448165894,1.15139997005462646
0.812399983406066895,0.309799998998641968,0.6151999831199646,-0.234500005841255188,0.111299999058246613,-0.596599996089935303,1.22160005569458008,-0.347999989986419678,0.687900006771087646,-0.523899972438812256,0.0639000013470649719,0.17319999635219574,0.409599989652633667,0.517599999904632568,1.26419997215270996,-0.633400022983551025,-1.87189996242523193,1.62539994716644287,1.19019997119903564,-1.18449997901916504
-0.93199998140335083,-1.26189994812011719,-1.23099994659423828,1.21440005302429199,0.220500007271766663,0.42579999566078186,0.329199999570846558,-0.775900006294250488,-0.318800002336502075,-0.245800003409385681,-0.481099992990493774,-1.45659995079040527,0.406800001859664917,-1.43389999866485596,-0.00659999996423721313,-0.906700015068054199,0.350800007581710815,-1.29349994659423828,1.52810001373291016,-0.686500012874603271
0.210999995470046997,0.68900001049041748,-1.33969998359680176,0.232800006866455078,1.80900001525878906,1.85510003566741943,0.378199994564056396,-0.68049997091293335,-0.479499995708465576,0.939800024032592773,0.262100011110305786,2.26180005073547363,-0.0456000007688999176,1.04120004177093506,0.671299993991851807,0.865000009536743164,0.758000016212463379,1.93340003490447998,1.92929995059967041,0.06719999760389328
-0.349700003862380981,-1.70270001888275146,-0.57080000638961792,-0.730700016021728516,0.173399999737739563,1.6828000545501709,0.659699976444244385,0.248799994587898254,-1.98199999332427979,-0.649399995803833008,0.914499998092651367,-1.23269999027252197,1.39030003547668457,-0.845899999141693115,1.91690003871917725,0.216600000858306885,1.04589998722076416,-1.33739995956420898,-1.47200000286102295,0.19580000638961792
0.667500019073486328,-0.013399999588727951,0.150700002908706665,1.00230002403259277,-0.87349998950958252,-3.39010000228881836,-0.0384000018239021301,-0.241600006818771362,0.851000010967254639,0.779600024223327637,-0.380199998617172241,1.98179996013641357,1.48090004920959473,-0.273799985647201538,-0.943899989128112793,0.00540000014007091522,0.572899997234344482,-0.869099974632263184,1.46469998359680176,1.20759999752044678
1.95249998569488525,1.23430001735687256,0.430099993944168091,0.734700024127960205,0.374000012874603271,1.08000004291534424,-1.63960003852844238,0.357899993658065796,-0.0208000000566244125,0.216100007295608521,-0.592499971389770508,0.858299970626831055,1.29999995231628418,1.1008000373840332,0.100000001490116119,2.13050007820129395,1.23020005226135254,1.10090005397796631,1.12220001220703125,-1.23469996452331543
1.35249996185302734,0.767099976539611816,1.39440000057220459,0.772400021553039551,-0.482400000095367432,1.07130002975463867,-0.518999993801116943,-0.824500024318695068,0.861899971961975098,1.16310000419616699,0.900799989700317383,1.06190001964569092,-0.157299995422363281,0.063600003719329834,-1.23059999942779541,0.0416000001132488251,2.16280007362365723,1.03199994564056396,-0.314799994230270386,0.219200000166893005
-0.4424000084400177,-0.467400014400482178,0.407999992370605469,0.504700005054473877,-0.0298999994993209839,0.210999995470046997,-0.745199978351593018,-1.6949000358581543,0.0625,-0.673799991607666016,-0.53200000524520874,-1.5250999927520752,-0.217299997806549072,-0.167400002479553223,-0.869199991226196289,-0.460399985313415527,-0.892300009727478027,-0.753099977970123291,-0.722899973392486572,1.12829995155334473
2.26600003242492676,-0.221699997782707214,-0.234200000762939453,0.27279999852180481,1.5875999927520752,-0.15039999783039093,1.28120005130767822,1.95850002765655518,0.609099984169006348,1.38450002670288086,1.01709997653961182,0.834399998188018799,0.188299998641014099,0.365399986505508423,1.84010004997253418,1.1437000036239624,-1.44840002059936523,-2.17039990425109863,-0.391499996185302734,-1.85389995574951172
0.195899993181228638,0.23229999840259552,1.31659996509552002,1.60259997844696045,-0.0305000003427267075,-0.601100027561187744,-1.48259997367858887,1.37609994411468506,1.1073000431060791,2.60039997100830078,-0.393500000238418579,1.31970000267028809,0.264400005340576172,1.31359994411468506,0.731299996376037598,0.797699987888336182,0.621399998664855957,1.45959997177124023,-0.85130000114440918,0.833500027656555176
-1.09790003299713135,-0.531199991703033447,-1.86150002479553223,-1.59870004653930664,-0.194999992847442627,-0.836300015449523926,0.746900022029876709,-0.547299981117248535,-1.22790002822875977,0.515500009059906006,1.25720000267028809,-0.774800002574920654,-0.670599997043609619,-2.64910006523132324,-0.571099996566772461,-1.53900003433227539,0.0643000006675720215,0.425900012254714966,-0.991900026798248291,-1.28320002555847168
-0.241099998354911804,-1.19040000438690186,-0.458200007677078247,0.175400003790855408,0.575299978256225586,0.0627999976277351379,-0.0399999991059303284,-1.53279995918273926,-0.878600001335144043,1.07009994983673096,-0.664399981498718262,-0.25150001049041748,-0.0676999986171722412,-0.462500005960464478,-1.62890005111694336,-0.840499997138977051,-2.20059990882873535,0.301800012588500977,-0.0920000001788139343,-0.270999997854232788
0.480300009250640869,1.85510003566741943,-1.3059999942779541,0.0524999983608722687,0.481499999761581421,-1.11300003528594971,1.13820004463195801,1.68449997901916504,-0.605700016021728516,1.32050001621246338,1.53499996662139893,2.11039996147155762,-0.215399995446205139,1.75150001049041748,0.227400004863739014,-0.150600001215934753,0.568899989128112793,0.42980000376701355,0.150900006294250488,0.620199978351593018
0.224099993705749512,-1.43200004100799561,-1.49109995365142822,-1.58340001106262207,-0.259000003337860107,0.189400002360343933,-0.268900007009506226,-0.546100020408630371,-0.224900007247924805,-0.82639998197555542,-0.84450000524520874,-1.36629998683929443,-1.65499997138977051,0.152300000190734863,-1.91740000247955322,-0.84179997444152832,-1.15359997749328613,-1.73169994354248047,0.580399990081787109,-1.78649997711181641
1.84660005569458008,1.68579995632171631,1.11389994621276855,-0.0960000008344650269,0.804400026798248291,2.35220003128051758,-0.309899985790252686,0.0780000016093254089,0.325899988412857056,-0.328900009393692017,-0.683799982070922852,1.37890005111694336,-0.313499987125396729,-0.0219999998807907104,0.379599988460540771,1.86070001125335693,-0.953499972820281982,0.0899000018835067749,0.708000004291534424,-0.212099999189376831
2.00410008430480957,0.985000014305114746,0.979499995708465576,1.8573000431060791,1.06739997863769531,0.669799983501434326,-1.18929994106292725,0.318300008773803711,1.55149996280670166,1.55289995670318604,-1.30850005149841309,-0.335599988698959351,1.77579998970031738,1.59560000896453857,-0.180199995636940002,-0.5723000168800354,0.381799995899200439,-0.766799986362457275,1.50030004978179932,0.559300005435943604
-1.58490002155303955,-0.23659999668598175,-0.309300005435943604,-0.213699996471405029,-1.205299973487854,1.66809999942779541,-0.349999994039535522,1.46050000190734863,-0.682299971580505371,-0.721700012683868408,-0.48829999566078186,-1.29630005359649658,0.337900012731552124,-1.54809999465942383,-1.39310002326965332,0.00579999992623925209,-0.883700013160705566,0.736599981784820557,1.48740005493164062,-0.310699999332427979
0.415699988603591919,-0.820100009441375732,-1.74269998073577881,-0.152300000190734863,1.25499999523162842,0.213300004601478577,-1.00580000877380371,-0.385199993848800659,1.65499997138977051,-1.18710005283355713,1.055899977684021,0.796299993991851807,-2.49850010871887207,-0.846599996089935303,-0.254799991846084595,-0.249300003051757812,-1.6016000509262085,0.198799997568130493,1.17680001258850098,-0.0174000002443790436
1.65320003032684326,-0.675000011920928955,0.382999986410140991,-1.91760003566741943,-0.803099989891052246,-1.36349999904632568,-1.88880002498626709,0.122199997305870056,-0.353599995374679565,-1.24070000648498535,-1.53859996795654297,0.672699987888336182,0.135800004005432129,-0.241400003433227539,-1.50189995765686035,-2.39569997787475586,-0.339300006628036499,-0.0474000014364719391,1.0250999927520752,0.425700008869171143
0.901199996471405029,0.503600001335144043,0.130799993872642517,-0.0317000001668930054,2.52679991722106934,0.0825999975204467773,0.317699998617172241,1.21080005168914795,1.68340003490447998,2.38579988479614258,-0.303900003433227539,-0.146200001239776611,-0.017000000923871994,0.309799998998641968,1.06679999828338623,1.68929994106292725,1.21979999542236328,-0.278899997472763062,-0.774699985980987549,1.28840005397796631
0.59859997034072876,1.19570004940032959,-0.39379999041557312,1.4234999418258667,0.598699986934661865,0.442600011825561523,1.25010001659393311,-0.669900000095367432,-0.383199989795684814,-0.219899997115135193,1.47749996185302734,0.157399997115135193,0.942499995231628418,0.711399972438812256,0.0837000012397766113,1.4804999828338623,1.57980000972747803,-0.353199988603591919,0.110200002789497375,2.37299990653991699
-0.687600016593933105,1.51049995422363281,0.562699973583221436,2.01539993286132812,-2.08159995079040527,-0.00949999969452619553,1.27950000762939453,-0.455700010061264038,0.966499984264373779,-1.58790004253387451,-1.51460003852844238,0.151299998164176941,0.187900006771087646,1.63999998569488525,-1.40369999408721924,2.11579990386962891,1.03470003604888916,-0.164800003170967102,0.240299999713897705,0.454400002956390381
-0.361099988222122192,-0.0370000004768371582,-1.46459996700286865,-0.749599993228912354,-0.652100026607513428,-0.491600006818771362,0.0156999994069337845,1.26240003108978271,0.104599997401237488,-1.51929998397827148,0.562300026416778564,-0.69450002908706665,-1.30550003051757812,0.193399995565414429,-1.50250005722045898,-1.63600003719329834,-0.61390000581741333,0.0305000003427267075,-0.844699978828430176,0.149499997496604919
-1.42519998550415039,-0.0652000010013580322,-1.14900004863739014,-0.237599998712539673,-0.370799988508224487,-0.919900000095367432,-0.0684000030159950256,-1.64989995956420898,-0.0940999984741210938,0.031800001859664917,0.6305999755859375,0.0773999989032745361,-1.27730000019073486,1.13530004024505615,-0.239199995994567871,-1.57159996032714844,-2.62479996681213379,0.0876000002026557922,0.606500029563903809,0.874000012874603271
-0.314599990844726562,0.0657000020146369934,-1.37339997291564941,0.704699993133544922,1.04789996147155762,2.00079989433288574,-1.73829996585845947,2.12039995193481445,-0.160999998450279236,0.395399987697601318,-0.220799997448921204,0.382499992847442627,-0.121299996972084045,-0.727900028228759766,-0.573499977588653564,0.3125,2.83680009841918945,1.12660002708435059,0.580200016498565674,4.01609992980957031
0.674600005149841309,0.222499996423721313,-0.946300029754638672,0.952199995517730713,1.36489999294281006,0.395500004291534424,0.635200023651123047,1.15050005912780762,0.557299971580505371,-1.94679999351501465,-1.79190003871917725,1.14629995822906494,0.0597999989986419678,-1.66040003299713135,0.503700017929077148,2.14459991455078125,1.52069997787475586,-0.381099998950958252,2.31270003318786621,-0.466100007295608521
0.663600027561187744,-0.863300025463104248,1.69630002975463867,0.0098999999463558197,0.860700011253356934,-0.395599991083145142,-0.925599992275238037,2.04830002784729004,1.98290002346038818,-0.0936999991536140442,0.644100010395050049,0.106100000441074371,-0.155000001192092896,-0.647899985313415527,-0.964100003242492676,0.0702999979257583618,2.48950004577636719,-0.823800027370452881,2.8824000358581543,0.0527999997138977051
1.37209999561309814,-0.269199997186660767,0.731999993324279785,-0.173899993300437927,-0.503899991512298584,2.0755000114440918,1.03400003910064697,-0.601899981498718262,0.434899985790252686,-0.517799973487854004,2.17729997634887695,0.351500004529953003,0.0478000007569789886,0.275999993085861206,0.171399995684623718,-0.727599978446960449,1.62179994583129883,1.7193000316619873,0.885900020599365234,0.458700001239776611
-1.79400002956390381,-1.64429998397827148,0.479600012302398682,-1.01020002365112305,-0.469900012016296387,-0.923799991607666016,-1.81570005416870117,-1.25979995727539062,-1.61240005493164062,1.37929999828338623,2.10899996757507324,-2.88680005073547363,0.130400002002716064,-0.681699991226196289,0.238000005483627319,0.00730000017210841179,-0.788299977779388428,-1.69739997386932373,-0.992100000381469727,1.22609996795654297
-0.437900006771087646,0.208399996161460876,0.0784000009298324585,-0.371800005435943604,0.22229999303817749,-0.976000010967254639,-1.11720001697540283,1.28419995307922363,0.768899977207183838,-0.357100009918212891,-0.57639998197555542,-2.30800008773803711,0.0397999994456768036,-2.09870004653930664,-0.953999996185302734,0.120800003409385681,0.13330000638961792,0.446999996900558472,0.586300015449523926,-1.00129997730255127
0.722500026226043701,-2.33069992065429688,-0.920700013637542725,0.280600011348724365,0.0467999987304210663,-0.666000008583068848,-0.719399988651275635,-1.95500004291534424,-0.904699981212615967,-0.721099972724914551,-0.659699976444244385,-2.14779996871948242,0.195999994874000549,-1.27390003204345703,0.0581000000238418579,1.2555999755859375,0.727900028228759766,-1.05219995975494385,-1.77460002899169922,-1.69819998741149902
-1.13759994506835938,-1.16559994220733643,-0.508800029754638672,0.54159998893737793,1.37929999828338623,-0.930999994277954102,1.37689995765686035,-0.434300005435943604,-0.0599000006914138794,-0.00460000010207295418,-1.74720001220703125,-2.54959988594055176,-1.49290001392364502,-2.75699996948242188,-0.0439999997615814209,-0.702099978923797607,0.152400001883506775,-1.17760002613067627,-0.0804999992251396179,-1.55869996547698975
-2.02349996566772461,-1.73539996147155762,-0.854399979114532471,-1.69570004940032959,-0.407200008630752563,-0.225799992680549622,-1.33930003643035889,-1.57190001010894775,-0.659699976444244385,-0.343100011348724365,0.244599997997283936,-0.500599980354309082,-2.95749998092651367,-0.870899975299835205,-0.907299995422363281,0.945699989795684814,1.29209995269775391,-0.992799997329711914,-2.28410005569458008,-0.406300008296966553
-0.986299991607666016,-1.3049999475479126,-1.24119997024536133,-1.09070003032684326,-0.957099974155426025,-0.624100029468536377,-0.956499993801116943,-1.10699999332427979,0.279100000858306885,-0.59850001335144043,-0.720600008964538574,-0.460799992084503174,0.589600026607513428,0.0278999991714954376,1.06140005588531494,-2.31259989738464355,-0.334399998188018799,0.827799975872039795,-2.45059990882873535,-0.728600025177001953
1.70799994468688965,0.501100003719329834,0.825200021266937256,-0.919900000095367432,1.32899999618530273,1.69470000267028809,1.40989995002746582,-1.09839999675750732,2.54029989242553711,0.921500027179718018,1.79400002956390381,1.82509994506835938,-1.04320001602172852,0.491400003433227539,1.305899977684021,0.180500000715255737,-1.59749996662139893,0.748899996280670166,0.51810002326965332,-0.978699982166290283
0.610099971294403076,0.302100002765655518,-0.830500006675720215,-1.07280004024505615,0.261200010776519775,0.18089999258518219,-2.36369991302490234,-1.0875999927520752,0.58740001916885376,0.878300011157989502,-0.980099976062774658,-0.857699990272521973,-0.723800003528594971,-1.73580002784729004,-1.176300048828125,-0.897800028324127197,-2.01410007476806641,-0.865899980068206787,-0.167600005865097046,-2.65000009536743164
0.539200007915496826,-0.267399996519088745,-1.54799997806549072,0.70130002498626709,-1.34230005741119385,-1.60689997673034668,1.57620000839233398,0.121500000357627869,-1.08430004119873047,-1.07060003280639648,1.7117999792098999,-2.77270007133483887,-1.0700000524520874,-0.148300006985664368,-2.02180004119873047,0.123800002038478851,-1.44570004940032959,-1.20039999485015869,-1.37520003318786621,-0.426800012588500977
-1.41120004653930664,-0.175300002098083496,-1.20720005035400391,-1.47319996356964111,0.255100011825561523,-1.02470004558563232,-0.767099976539611816,1.32079994678497314,0.800999999046325684,-0.149700000882148743,-2.35220003128051758,-0.350499987602233887,-0.724799990653991699,-0.672500014305114746,-0.23720000684261322,0.586399972438812256,-0.00939999986439943314,-1.06140005588531494,-0.612200021743774414,0.226400002837181091
1.35520005226135254,0.546299993991851807,-0.547299981117248535,0.350400000810623169,-2.24070000648498535,0.462999999523162842,0.978699982166290283,0.488999992609024048,-0.179600000381469727,0.994899988174438477,-0.543399989604949951,-0.415100008249282837,-0.790700018405914307,-0.0329000018537044525,0.760100007057189941,-0.450399994850158691,-1.0764000415802002,-0.00340000004507601261,-0.0368000008165836334,0.533399999141693115
0.307799994945526123,0.0794999971985816956,-0.559300005435943604,0.217500001192092896,-1.68169999122619629,1.84169995784759521,-3.33089995384216309,-0.146699994802474976,-0.967499971389770508,-1.09300005435943604,-0.0445000007748603821,-1.27330005168914795,-0.642499983310699463,0.794499993324279785,-0.928099989891052246,-1.37829995155334473,-1.5614999532699585,0.697899997234344482,1.23249995708465576,-0.958199977874755859
-1.12010002136230469,2.64800000190734863,0.250800013542175293,1.1446000337600708,0.0430999994277954102,-0.115299999713897705,-0.955399990081787109,-1.54190003871917725,-2.61660003662109375,-0.750500023365020752,-0.238999992609024048,-0.264600008726119995,-0.163200005888938904,-0.540099978446960449,-0.384900003671646118,0.105200000107288361,-0.689499974250793457,-1.65339994430541992,-1.11559998989105225,0.86799997091293335
1.15160000324249268,-1.17739999294281006,0.905799984931945801,1.32039999961853027,0.192499995231628418,-0.576499998569488525,0.0405000001192092896,0.61799997091293335,0.00109999999403953552,0.795799970626831055,0.576600015163421631,0.400000005960464478,0.715900003910064697,-0.865499973297119141,1.54620003700256348,-1.76470005512237549,-0.0471000000834465027,-0.333700001239776611,0.62220001220703125,0.34790000319480896
-2.23090004920959473,-0.692300021648406982,-2.18709993362426758,-0.137999996542930603,-0.498899996280670166,0.884599983692169189,-2.33710002899169922,1.87849998474121094,-0.0566000007092952728,-1.0988999605178833,-0.952400028705596924,-1.14240002632141113,0.697600007057189941,-0.0811000019311904907,-0.342799991369247437,0.915199995040893555,-0.500100016593933105,0.11159999668598175,-1.22809994220733643,1.30939996242523193
-0.361600011587142944,0.243100002408027649,-1.56280004978179932,-0.670700013637542725,-0.180399999022483826,-2.13120007514953613,-0.991500020027160645,-1.59259998798370361,-2.1875,-0.563700020313262939,0.491899996995925903,-0.00139999995008111,0.22460000216960907,0.757499992847442627,-2.5271000862121582,0.29309999942779541,-0.329499989748001099,0.598299980163574219,0.491400003433227539,-0.326900005340576172
-1.57290005683898926,-0.208499997854232788,-0.134499996900558472,-1.99969995021820068,0.0763999968767166138,0.487599998712539673,0.0326999984681606293,-0.444299995899200439,-0.334300011396408081,-1.73759996891021729,-0.0557999983429908752,0.0807999968528747559,0.522099971771240234,-1.22099995613098145,-2.82520008087158203,-0.699699997901916504,0.749899983406066895,0.330700010061264038,0.329899996519088745,1.0923999547958374
-2.85710000991821289,-0.746699988842010498,-0.897599995136260986,-0.272500008344650269,-1.23489999771118164,0.896000027656555176,-0.596199989318847656,-1.23239994049072266,0.739099979400634766,0.239500001072883606,-1.40429997444152832,-1.06949996948242188,-1.71770000457763672,-0.955500006675720215,1.31570005416870117,0.59450000524520874,-1.40639996528625488,-0.942399978637695312,-0.992399990558624268,-0.411300003528594971
-1.9878000020980835,0.779500007629394531,0.552900016307830811,0.425999999046325684,-0.937300026416778564,0.864600002765655518,-0.93879997730255127,-0.569800019264221191,-0.726199984550476074,-0.0870999991893768311,-0.535399973392486572,-0.295599997043609619,-0.570200026035308838,-0.171100005507469177,-2.22900009155273438,-2.25099992752075195,0.996100008487701416,-1.49370002746582031,-1.136199951171875,-0.191499993205070496
0.318899989128112793,-1.71879994869232178,0.374500006437301636,-0.786700010299682617,-0.343800008296966553,-0.0507000014185905457,-0.379599988460540771,2.2060999870300293,0.668399989604949951,-1.40890002250671387,-0.314500004053115845,-0.855899989604949951,-0.428299993276596069,-1.32579994201660156,-1.45550000667572021,-2.35590004920959473,0.615400016307830811,-0.384999990463256836,-0.812600016593933105,-1.14810001850128174
0.659300029277801514,0.161500006914138794,1.45239996910095215,0.942799985408782959,1.16869997978210449,0.499900013208389282,0.810199975967407227,0.149299994111061096,0.122500002384185791,-0.824999988079071045,1.53779995441436768,0.59179997444152832,1.63870000839233398,1.34179997444152832,-0.617399990558624268,0.442799985408782959,1.81560003757476807,1.84270000457763672,0.419099986553192139,1.18560004234313965
-0.737600028514862061,0.784600019454956055,-0.655399978160858154,0.677100002765655518,1.38230001926422119,-1.09360003471374512,-0.0273000001907348633,0.122100003063678741,-0.294200003147125244,0.708500027656555176,0.127599999308586121,2.05890011787414551,0.0876000002026557922,-0.20090000331401825,-0.00639999983832240105,1.04139995574951172,0.946399986743927002,-0.136399999260902405,-0.374000012874603271,0.831399977207183838
-0.889100015163421631,-2.3852999210357666,0.405600011348724365,0.551100015640258789,-0.318800002336502075,0.948300004005432129,1.38999998569488525,-1.16849994659423828,-1.02719998359680176,-1.91100001335144043,1.78340005874633789,0.305099993944168091,0.9276999831199646,-1.25320005416870117,-1.32109999656677246,-0.333900004625320435,-3.20749998092651367,-0.288399994373321533,-0.177100002765655518,-1.10930001735687256
0.649100005626678467,0.13160000741481781,0.48059999942779541,-0.31099998950958252,-0.692399978637695312,0.509400010108947754,-0.599799990653991699,-0.197400003671646118,-0.377200007438659668,-1.54809999465942383,2.24600005149841309,-1.16340005397796631,1.18139994144439697,1.29820001125335693,-0.663600027561187744,-1.15310001373291016,1.74210000038146973,-0.386400014162063599,-0.700299978256225586,1.35940003395080566
-0.250299990177154541,0.208700001239776611,2.78810000419616699,1.89390003681182861,-0.0760999992489814758,0.397500008344650269,2.35459995269775391,-0.394699990749359131,1.9122999906539917,0.00139999995008111,1.14590001106262207,-0.0702000036835670471,1.02960002422332764,-0.60680001974105835,-0.832099974155426025,0.305599987506866455,0.140699997544288635,2.84599995613098145,-0.50830000638961792,-0.344799995422363281
0.301299989223480225,0.406500011682510376,-0.384900003671646118,1.05390000343322754,1.42649996280670166,0.70139998197555542,-0.0964000001549720764,0.740700006484985352,1.82509994506835938,1.90409994125366211,2.00819993019104004,1.59039998054504395,0.19089999794960022,0.335900008678436279,1.37790000438690186,0.381700009107589722,1.02300000190734863,-0.361600011587142944,1.99160003662109375,0.884500026702880859
1.06589996814727783,1.47119998931884766,1.36919999122619629,0.191300004720687866,0.0873000025749206543,0.165099993348121643,0.351999998092651367,-0.476500004529953003,0.524699985980987549,0.450399994850158691,0.79989999532699585,-1.2891000509262085,-0.933000028133392334,0.67489999532699585,-0.613499999046325684,1.25549995899200439,-1.73740005493164062,0.861299991607666016,-0.481599986553192139,-0.601899981498718262
0.172299996018409729,1.26419997215270996,0.21520000696182251,1.40030002593994141,0.389800012111663818,0.65270000696182251,0.726000010967254639,0.581200003623962402,-0.82080000638961792,0.46950000524520874,0.427700012922286987,0.467500001192092896,0.408800005912780762,0.0961000025272369385,-0.474500000476837158,1.11720001697540283,0.341500014066696167,1.04659998416900635,-1.10860002040863037,3.29320001602172852
1.86360001564025879,1.45439994335174561,0.172499999403953552,0.893599987030029297,1.31519997119903564,0.995400011539459229,0.836000025272369385,0.323000013828277588,0.863399982452392578,0.427599996328353882,2.89380002021789551,0.00689999992027878761,0.561500012874603271,2.82780003547668457,1.82280004024505615,0.107900001108646393,0.68599998950958252,0.493299990892410278,1.83309996128082275,-0.858900010585784912
-1.94200003147125244,-0.017000000923871994,-1.75069999694824219,1.19420003890991211,0.2653999924659729,-1.4515000581741333,-0.875999987125396729,0.0337999984622001648,0.615400016307830811,-1.58920001983642578,0.340099990367889404,-0.5098000168800354,2.27069997787475586,-0.723900020122528076,-0.233799993991851807,-0.519800007343292236,-0.0467999987304210663,0.419299989938735962,0.165000006556510925,-1.06980001926422119
-0.487899988889694214,0.694100022315979004,-0.10599999874830246,-0.84859997034072876,0.865499973297119141,0.709800004959106445,-0.877600014209747314,0.01119999960064888,0.197600007057189941,-0.11159999668598175,0.11900000274181366,-0.652599990367889404,-0.972800016403198242,0.364100009202957153,0.00179999996908009052,-0.181799992918968201,2.54830002784729004,-0.378199994564056396,-0.885800004005432129,-0.122199997305870056
-0.999300003051757812,-1.069100022315979,0.147900000214576721,0.171100005507469177,-0.949500024318695068,-0.452199995517730713,1.54579997062683105,1.48029994964599609,-1.55579996109008789,1.10969996452331543,0.496699988842010498,0.516700029373168945,1.09539997577667236,1.40450000762939453,1.80480003356933594,1.43159997463226318,0.168799996376037598,-0.260199993848800659,-0.330900013446807861,1.11919999122619629
0.934199988842010498,0.863099992275238037,-0.552299976348876953,0.490399986505508423,0.777800023555755615,1.29190003871917725,-0.0626000016927719116,0.54589998722076416,-0.395200014114379883,-0.244800001382827759,2.53430008888244629,-0.0454000011086463928,0.754199981689453125,-1.58169996738433838,1.50549995899200439,0.238600000739097595,-0.513599991798400879,-2.43079996109008789,0.880800008773803711,0.699199974536895752
-0.825800001621246338,-0.183100000023841858,0.71249997615814209,0.249400004744529724,0.317799985408782959,0.367700010538101196,-1.59070003032684326,-0.951499998569488525,0.233799993991851807,-1.35590004920959473,0.472799986600875854,0.565699994564056396,0.282299995422363281,0.531000018119812012,-0.0443000011146068573,-0.0821999981999397278,-0.508599996566772461,1.7116999626159668,1.54139995574951172,1.90260004997253418
-0.106600001454353333,1.60010004043579102,0.618900001049041748,-0.899100005626678467,0.696600019931793213,0.0277999993413686752,-0.568799972534179688,0.43900001049041748,-0.887399971485137939,0.444400012493133545,-0.337799996137619019,-0.224700003862380981,0.481000006198883057,-0.868499994277954102,0.109600000083446503,0.511300027370452881,-0.112999998033046722,0.734399974346160889,0.507799983024597168,-0.834100008010864258
-0.795300006866455078,-2.62960004806518555,-0.168699994683265686,-0.0741999968886375427,0.74449998140335083,0.408300012350082397,-0.0948000028729438782,-0.800700008869171143,0.107500001788139343,-1.4803999662399292,-0.619199991226196289,0.000500000023748725653,-0.6930999755859375,0.0723000019788742065,-0.0957000032067298889,-0.0971999987959861755,0.32080000638961792,-0.342799991369247437,-2.38409996032714844,-0.928900003433227539
-1.9179999828338623,0.862800002098083496,-0.19920000433921814,-1.63289999961853027,0.256500005722045898,0.864199995994567871,1.49660003185272217,-0.179499998688697815,-1.3815000057220459,-1.58729994297027588,-1.732200026512146,0.580299973487854004,0.515100002288818359,-2.39070010185241699,-1.24720001220703125,-1.52020001411437988,-0.453099995851516724,-1.70560002326965332,-0.222399994730949402,0.218700006604194641
-0.673500001430511475,1.93959999084472656,-0.0564999990165233612,0.135700002312660217,2.02369999885559082,0.843200027942657471,-1.12569999694824219,-0.581700026988983154,-0.768400013446807861,-1.0943000316619873,-0.487800002098083496,-0.408899992704391479,0.267199993133544922,1.11150002479553223,0.833599984645843506,0.118500001728534698,-0.144500002264976501,-0.939300000667572021,0.362899988889694214,0.0696000009775161743
0.797999978065490723,-0.913299977779388428,0.214300006628036499,0.968299984931945801,0.94450002908706665,-0.414000004529953003,0.0555999986827373505,0.166899994015693665,0.402500003576278687,-0.391099989414215088,-0.0803000032901763916,-0.776600003242492676,1.32099997997283936,-1.39390003681182861,1.43389999866485596,-0.344900012016296387,-0.197999998927116394,0.245800003409385681,-0.703000009059906006,1.45949995517730713
1.79509997367858887,0.60689997673034668,-0.487500011920928955,-1.05250000953674316,1.38129997253417969,0.918699979782104492,0.101800002157688141,-0.358099997043609619,-0.0280000008642673492,-0.039400000125169754,1.56210005283355713,1.18250000476837158,-1.92750000953674316,1.63999998569488525,-0.859700024127960205,1.4692000150680542,0.516900002956390381,0.957300007343292236,1.0317000150680542,-0.185599997639656067
0.308499991893768311,-0.443199992179870605,-0.906400024890899658,-0.793299973011016846,1.38580000400543213,-0.198699995875358582,-0.184599995613098145,-0.27709999680519104,-1.86819994449615479,-1.00189995765686035,-0.0544999986886978149,0.407499998807907104,-1.78980004787445068,0.785399973392486572,0.0954999998211860657,-2.23769998550415039,0.132499992847442627,-0.166600003838539124,-2.19910001754760742,0.0657000020146369934
-0.452699989080429077,-1.52719998359680176,-0.489100009202957153,-1.9693000316619873,-0.202399998903274536,0.78880000114440918,-0.472999989986419678,-1.54659998416900635,-1.99730002880096436,0.453399986028671265,-1.46480000019073486,-0.477899998426437378,-1.36010003089904785,1.49140000343322754,-2.75999999046325684,1.34089994430541992,-0.489800006151199341,-1.3171999454498291,0.900799989700317383,1.28779995441436768
0.235300004482269287,0.0891999974846839905,1.45659995079040527,0.996800005435943604,-1.89849996566772461,-0.740800023078918457,-1.22119998931884766,-0.930800020694732666,1.60300004482269287,-1.41869997978210449,-0.103399999439716339,-0.172099992632865906,-0.828599989414215088,0.0136000001803040504,-1.53999996185302734,-0.683099985122680664,-0.909099996089935303,0.292199999094009399,-0.746900022029876709,-0.545499980449676514
-0.82510000467300415,-1.17620003223419189,1.36430001258850098,0.443899989128112793,-0.427599996328353882,-0.521700024604797363,-1.39869999885559082,-1.63170003890991211,-0.568499982357025146,-1.16530001163482666,-0.333900004625320435,-0.859099984169006348,1.77660000324249268,-0.447200000286102295,-1.62020003795623779,-0.350600004196166992,-0.128199994564056396,-1.59350001811981201,1.96350002288818359,-2.60870003700256348
0.562600016593933105,1.0130000114440918,1.11240005493164062,-0.307300001382827759,-0.0768000036478042603,-0.153600007295608521,-1.51320004463195801,0.242200002074241638,0.316000014543533325,2.80029988288879395,1.09019994735717773,1.05079996585845947,1.76160001754760742,0.604900002479553223,1.1567000150680542,0.0944000035524368286,0.607500016689300537,-0.674600005149841309,0.604700028896331787,-0.75429999828338623
-1.24000000953674316,-0.219099998474121094,0.12460000067949295,-0.03359999880194664,1.08080005645751953,0.487199991941452026,-2.08730006217956543,-0.876399993896484375,-0.47999998927116394,-0.876600027084350586,-3.1221001148223877,-0.692200005054473877,0.668299973011016846,-0.727299988269805908,-0.767700016498565674,0.291000008583068848,0.282700002193450928,0.261000007390975952,0.707000017166137695,-1.41919994354248047
-1.12539994716644287,2.14680004119873047,1.77740001678466797,-0.170300006866455078,-0.696900010108947754,0.427700012922286987,0.333000004291534424,-0.00879999995231628418,-1.00950002670288086,0.868600010871887207,1.96580004692077637,0.0187999997287988663,-0.191499993205070496,-0.301299989223480225,0.986899971961975098,1.1633000373840332,-0.34450000524520874,0.927200019359588623,-0.780799984931945801,2.47769999504089355
-0.347099989652633667,-0.389999985694885254,0.894999980926513672,-1.28299999237060547,-0.294699996709823608,-1.27119994163513184,-1.91499996185302734,-0.913699984550476074,-0.792500019073486328,-2.0896000862121582,-1.81040000915527344,-0.621900022029876709,0.737200021743774414,-0.296099990606307983,-0.407900005578994751,1.73829996585845947,-0.165900006890296936,0.349799990653991699,-2.56319999694824219,-0.580999970436096191
1.05069994926452637,0.72229999303817749,-0.910399973392486572,0.0248000007122755051,1.39690005779266357,0.0304000005125999451,0.831399977207183838,-0.655200004577636719,1.21549999713897705,-0.825299978256225586,-1.2883000373840332,2.69749999046325684,-0.013399999588727951,-0.403400003910064697,1.84829998016357422,1.09710001945495605,1.38520002365112305,-0.480800002813339233,-1.01359999179840088,-0.368999987840652466
-0.128600001335144043,-0.643999993801116943,1.04960000514984131,-0.0863000005483627319,1.19449996948242188,1.40450000762939453,0.0500000007450580597,0.481700003147125244,0.54309999942779541,-0.922399997711181641,0.238199993968009949,-0.411300003528594971,0.60280001163482666,0.886200010776519775,0.889699995517730713,0.460900008678436279,1.36779999732971191,0.0277999993413686752,1.63520002365112305,-0.229699999094009399
0.872600018978118896,-0.217199996113777161,0.17749999463558197,0.661400020122528076,0.699899971485137939,1.04130005836486816,0.701499998569488525,1.55770003795623779,0.655200004577636719,0.843100011348724365,0.224800005555152893,1.2136000394821167,0.769299983978271484,-0.331600010395050049,0.604399979114532471,1.13370001316070557,0.0643000006675720215,0.133900001645088196,1.94239997863769531,0.5569000244140625
-0.0357000008225440979,0.890600025653839111,0.86239999532699585,0.219300001859664917,-0.336499989032745361,-1.55270004272460938,1.43210005760192871,-0.960699975490570068,0.763400018215179443,-1.89769995212554932,-0.128299996256828308,-1.555899977684021,0.934599995613098145,-1.27219998836517334,-0.203099995851516724,-0.693700015544891357,-1.21870005130767822,0.441000014543533325,0.218099996447563171,-0.362500011920928955
0.964800000190734863,-1.30139994621276855,-0.114900000393390656,-1.56659996509552002,-0.576200008392333984,0.662999987602233887,0.0733999982476234436,-1.16830003261566162,-1.76189994812011719,0.226999998092651367,0.0570000000298023224,-1.23489999771118164,-0.72509998083114624,-0.399399995803833008,-0.337900012731552124,-1.44200003147125244,0.72350001335144043,-1.24150002002716064,-1.86300003528594971,-0.982400000095367432
-2.32470011711120605,-1.5010000467300415,-2.0083000659942627,0.795199990272521973,-0.539600014686584473,-0.461100012063980103,1.25619995594024658,-1.73179996013641357,-0.147300004959106445,0.469000011682510376,-0.483900010585784912,-1.55579996109008789,-1.28090000152587891,-1.53400003910064697,-1.43219995498657227,-0.0560000017285346985,-0.618399977684020996,-0.556100010871887207,-0.531799972057342529,0.714800000190734863
0.504599988460540771,-0.942499995231628418,-0.462500005960464478,0.729600012302398682,-0.345800012350082397,0.0993999987840652466,0.457599997520446777,0.0142999999225139618,-1.04089999198913574,1.5887000560760498,0.349900007247924805,0.692399978637695312,-1.22790002822875977,-0.603100001811981201,-0.0162000004202127457,-0.209099993109703064,1.63849997520446777,0.29309999942779541,0.228100001811981201,-0.881299972534179688
-1.72080004215240479,-0.484800010919570923,-0.282200008630752563,-0.829200029373168945,-1.04229998588562012,-0.501600027084350586,-1.87800002098083496,0.930700004100799561,-1.32270002365112305,-2.3096001148223877,-0.196400001645088196,-2.33979988098144531,0.483599990606307983,-0.555000007152557373,0.471899986267089844,0.910399973392486572,-1.01269996166229248,-1.54779994487762451,0.682200014591217041,-0.476799994707107544
1.70350003242492676,-0.0560999996960163116,0.169499993324279785,-0.691200017929077148,1.10350000858306885,0.398999989032745361,0.387800008058547974,0.304500013589859009,1.65400004386901855,-0.293300002813339233,0.45070001482963562,-0.788999974727630615,-0.385899990797042847,-1.2939000129699707,0.972000002861022949,1.31330001354217529,-0.23569999635219574,0.0098999999463558197,0.89310002326965332,-0.410800009965896606
-0.810599982738494873,0.313400000333786011,0.764699995517730713,0.708599984645843506,0.109099999070167542,0.484299987554550171,0.227099999785423279,0.194999992847442627,0.686399996280670166,-0.16210000216960907,0.480399996042251587,1.19270002841949463,1.7806999683380127,1.46399998664855957,0.559800028800964355,0.487599998712539673,1.92149996757507324,0.285499989986419678,0.678799986839294434,0.425000011920928955
0.509700000286102295,1.06519997119903564,0.00639999983832240105,0.180800005793571472,1.30920004844665527,-0.75700002908706665,0.331699997186660767,-2.00729990005493164,-0.368499994277954102,0.103799998760223389,0.438899993896484375,1.54610002040863037,0.99290001392364502,0.839900016784667969,-0.358900010585784912,0.595399975776672363,-0.991999983787536621,-0.789799988269805908,1.37209999561309814,-0.392100006341934204
0.412600010633468628,-1.2807999849319458,-0.307000011205673218,1.36860001087188721,0.439599990844726562,-0.861000001430511475,-1.7817000150680542,1.33640003204345703,0.966899991035461426,0.810000002384185791,0.81959998607635498,1.26440000534057617,-0.888700008392333984,1.70200002193450928,0.903199970722198486,0.10729999840259552,-0.197400003671646118,1.70500004291534424,0.203299999237060547,1.66840004920959473
2.04200005531311035,1.62940001487731934,-0.373800009489059448,0.787999987602233887,3.30110001564025879,-0.284099996089935303,0.15979999303817749,0.559899985790252686,0.569299995899200439,0.302899986505508423,0.0619999989867210388,1.79560005664825439,-0.45070001482963562,0.08489999920129776,-0.450300008058547974,0.12160000205039978,0.848900020122528076,1.35169994831085205,0.453799992799758911,0.484200000762939453
1.75189995765686035,1.35759997367858887,0.345999985933303833,0.872600018978118896,-0.590099990367889404,-0.40979999303817749,1.21449995040893555,1.96640002727508545,0.740000009536743164,1.62450003623962402,0.399699985980987549,-0.154599994421005249,1.15359997749328613,1.30920004844665527,-0.783800005912780762,-0.450399994850158691,1.3610999584197998,-0.0604999996721744537,-0.658399999141693115,1.22090005874633789
-0.226500004529953003,-0.855300009250640869,-1.18270003795623779,-0.252200007438659668,-0.234899997711181641,0.248199999332427979,0.290699988603591919,1.31040000915527344,1.79410004615783691,0.627499997615814209,1.18130004405975342,0.201499998569488525,1.95239996910095215,-0.272599995136260986,-0.0531000010669231415,-0.421299993991851807,-0.885699987411499023,-1.42270004749298096,0.433899998664855957,-0.65549999475479126
-0.781000018119812012,0.442999988794326782,-1.75259995460510254,0.534399986267089844,2.10890007019042969,-0.0797000005841255188,2.35179996490478516,1.61539995670318604,1.34650003910064697,0.782500028610229492,0.0566000007092952728,0.416000008583068848,0.275400012731552124,2.0866999626159668,2.06089997291564941,1.59739995002746582,0.161200001835823059,0.822499990463256836,1.46500003337860107,0.670000016689300537
0.0711999982595443726,1.32579994201660156,-0.32019999623298645,-0.472799986600875854,1.11399996280670166,-2.37240004539489746,0.161799997091293335,-1.01820003986358643,0.746599972248077393,-0.0251000002026557922,0.254700005054473877,-0.946099996566772461,-0.595300018787384033,-0.661700010299682617,-0.159099996089935303,-1.43819999694824219,-1.14810001850128174,1.45640003681182861,-0.395599991083145142,-0.00159999995958060026
-0.773100018501281738,0.681299984455108643,0.864400029182434082,0.981999993324279785,1.5634000301361084,0.58619999885559082,1.54240000247955322,0.832700014114379883,0.273099988698959351,-0.445899993181228638,-0.967499971389770508,0.994300007820129395,0.847199976444244385,0.543299973011016846,0.275299996137619019,1.17680001258850098,1.44169998168945312,0.111500002443790436,-0.406699985265731812,0.37439998984336853
-0.14270000159740448,-0.11860000342130661,0.627399981021881104,0.0527999997138977051,0.927200019359588623,0.0335000008344650269,1.90520000457763672,0.98739999532699585,1.69200003147125244,1.08630001544952393,1.35940003395080566,-0.374799996614456177,-0.537199974060058594,1.95910000801086426,2.72410011291503906,-0.506500005722045898,1.5250999927520752,1.65230000019073486,1.21019995212554932,0.769200026988983154
-0.178000003099441528,0.161200001835823059,-0.793900012969970703,0.838400006294250488,-0.177900001406669617,1.46679997444152832,0.847599983215332031,2.11660003662109375,-0.368900001049041748,2.30349993705749512,2.08750009536743164,-0.0472000017762184143,0.376300007104873657,-0.00240000011399388313,0.850799977779388428,0.15379999577999115,0.30419999361038208,0.959399998188018799,0.58340001106262207,-0.0406000018119812012
-0.749599993228912354,0.549399971961975098,0.351000010967254639,0.250499993562698364,-0.321500003337860107,-0.261799991130828857,0.980700016021728516,-1.37070000171661377,-0.380199998617172241,-0.703400015830993652,-0.88200002908706665,-1.99609994888305664,-0.0163000002503395081,-0.498899996280670166,-0.775699973106384277,-0.666000008583068848,1.29509997367858887,1.4814000129699707,0.853999972343444824,-0.789699971675872803
-0.0485999993979930878,0.658100008964538574,0.420599997043609619,0.543600022792816162,-0.700999975204467773,0.263099998235702515,0.950999975204467773,2.5262000560760498,0.629800021648406982,-0.499300003051757812,1.31110000610351562,-0.731999993324279785,1.40409994125366211,0.996599972248077393,-0.110600002110004425,-0.399599999189376831,0.379799991846084595,0.494599997997283936,1.59060001373291016,1.03390002250671387
0.775200009346008301,0.152300000190734863,-0.163499996066093445,-0.947000026702880859,-0.789300024509429932,-0.331000000238418579,-0.201600000262260437,-0.731299996376037598,-1.42659997940063477,0.312900006771087646,0.486499994993209839,-0.528100013732910156,-1.46679997444152832,-0.803200006484985352,-1.50349998474121094,0.489199995994567871,0.173700004816055298,-1.18980002403259277,-1.01520001888275146,-0.268200010061264038
-0.625,-1.23810005187988281,-0.57910001277923584,0.0778999999165534973,-1.26259994506835938,-0.234300002455711365,-1.56200003623962402,0.379000008106231689,1.073699951171875,-1.13069999217987061,-1.24890005588531494,-2.80259990692138672,-0.733099997043609619,-0.217500001192092896,0.276699990034103394,-0.259799987077713013,-2.22119998931884766,0.188199996948242188,-0.128999993205070496,-2.18300008773803711
1.6016000509262085,-0.0970999971032142639,0.77219998836517334,-1.7314000129699707,-1.74189996719360352,1.20120000839233398,-0.484100013971328735,-1.49590003490447998,-0.758400022983551025,0.0544000007212162018,-0.72070002555847168,0.466199994087219238,-1.52820003032684326,0.546100020408630371,-0.0768000036478042603,-0.749100029468536377,-0.215100005269050598,0.117600001394748688,0.0186000000685453415,-0.426899999380111694
-0.261200010776519775,0.467500001192092896,-0.29649999737739563,0.615700006484985352,-0.399500012397766113,1.72590005397796631,0.120399996638298035,0.0711999982595443726,1.01680004596710205,0.638000011444091797,2.07340002059936523,0.895799994468688965,-1.21319997310638428,0.701900005340576172,0.793500006198883057,-1.34039998054504395,1.59920001029968262,-0.363000005483627319,2.17149996757507324,3.29679989814758301
0.150700002908706665,1.57780003547668457,-0.789300024509429932,-1.42200005054473877,0.297500014305114746,1.42320001125335693,0.130899995565414429,-0.143199995160102844,0.79869997501373291,0.363999992609024048,0.142900004982948303,0.729499995708465576,-1.79240000247955322,-0.0289999991655349731,-0.218500003218650818,0.275900006294250488,-0.256500005722045898,-0.164599999785423279,0.592100024223327637,0.12460000067949295
-3.79889988899230957,0.132799997925758362,-2.41020011901855469,0.326700001955032349,-1.47039997577667236,-2.61829996109008789,0.961099982261657715,0.219200000166893005,0.185399994254112244,-0.25429999828338623,-1.38220000267028809,2.14689993858337402,0.341300010681152344,-1.04589998722076416,0.0966000035405158997,-0.803200006484985352,-0.856400012969970703,0.387199997901916504,0.0581000000238418579,-1.45599997043609619
-0.832700014114379883,2.28959989547729492,1.9637000560760498,0.215700000524520874,-1.29260003566741943,1.55840003490447998,1.27789998054504395,0.219400003552436829,-0.0631999969482421875,1.28600001335144043,0.731000006198883057,1.44679999351501465,-1.26909995079040527,0.24660000205039978,-0.468899995088577271,1.17279994487762451,1.4989999532699585,-1.7510000467300415,-0.790000021457672119,0.714900016784667969
0.274800002574920654,0.282799988985061646,0.462399989366531372,2.0429999828338623,0.254999995231628418,0.868700027465820312,1.78789997100830078,0.921599984169006348,-0.389699995517730713,-0.415100008249282837,1.38349997997283936,0.710399985313415527,-0.355300009250640869,1.34619998931884766,0.446799993515014648,1.08169996738433838,-0.132799997925758362,0.545499980449676514,-0.306800007820129395,0.212200000882148743
-2.55809998512268066,0.683300018310546875,0.190099999308586121,-1.42820000648498535,-2.46519994735717773,-1.51020002365112305,0.880699992179870605,-1.22510004043579102,-0.873600006103515625,0.532299995422363281,-1.08440005779266357,-0.728699982166290283,-1.32749998569488525,0.589399993419647217,0.185399994254112244,0.0935999974608421326,0.0186999998986721039,-0.957400023937225342,-2.86820006370544434,-1.31009995937347412
0.33469998836517334,-0.421799987554550171,0.190300002694129944,-0.927100002765655518,-0.907599985599517822,0.0926000028848648071,-0.578199982643127441,1.25419998168945312,-0.776000022888183594,0.0414999984204769135,0.796199977397918701,-0.157600000500679016,0.190699994564056396,-1.18760001659393311,-0.565699994564056396,-0.595099985599517822,0.207599997520446777,0.851899981498718262,0.499199986457824707,-0.0996000021696090698
0.919000029563903809,-0.319400012493133545,-0.752699971199035645,1.33879995346069336,0.765100002288818359,1.39979994297027588,0.269899994134902954,0.0485999993979930878,-0.353500008583068848,0.441100001335144043,0.293799996376037598,-0.200800001621246338,0.0218000002205371857,0.207100003957748413,0.0575000010430812836,-0.118100002408027649,-0.047699999064207077,3.72869992256164551,-0.0164000000804662704,0.783100008964538574
-0.162900000810623169,-0.648299992084503174,1.08710002899169922,-1.31970000267028809,0.171399995684623718,1.1324000358581543,0.781799972057342529,-0.34450000524520874,0.845000028610229492,1.68690001964569092,-1.71860003471374512,-1.26139998435974121,-0.294400006532669067,-0.913299977779388428,-1.62929999828338623,0.402000010013580322,0.39160001277923584,0.580299973487854004,3.02460002899169922,1.01049995422363281
1.34070003032684326,1.93379998207092285,0.935100018978118896,-0.588699996471405029,-0.480199992656707764,-0.175500005483627319,0.476900011301040649,0.790000021457672119,-0.555000007152557373,1.88970005512237549,1.10300004482269287,-1.38499999046325684,1.32780003547668457,-0.735300004482269287,0.839200019836425781,-0.181299999356269836,0.237299993634223938,-0.627399981021881104,-0.822799980640411377,1.44149994850158691
-0.318500012159347534,-0.682600021362304688,1.10000002384185791,-0.143999993801116943,1.24790000915527344,-1.05250000953674316,2.30970001220703125,-0.884100019931793213,-0.0493000000715255737,1.46609997749328613,0.96249997615814209,2.08459997177124023,2.53719997406005859,-0.453099995851516724,0.346599996089935303,0.0952000021934509277,-1.06019997596740723,-1.14219999313354492,0.504800021648406982,1.45369994640350342
-1.31060004234313965,-0.0868000015616416931,0.545599997043609619,-0.0940999984741210938,0.434300005435943604,0.0454000011086463928,-0.0146000003442168236,1.09730005264282227,-1.24430000782012939,1.88189995288848877,0.876999974250793457,-1.0801999568939209,1.65369999408721924,0.225700005888938904,1.31210005283355713,1.09130001068115234,-0.517700016498565674,-1.09060001373291016,-0.384999990463256836,-1.66630005836486816
1.80110001564025879,0.514699995517730713,0.701900005340576172,0.517499983310699463,-0.742100000381469727,1.54110002517700195,1.44529998302459717,-0.957599997520446777,0.0926999971270561218,1.96539998054504395,0.346799999475479126,0.269699990749359131,-0.239899992942810059,1.33480000495910645,2.30150008201599121,-1.37020003795623779,-0.398299992084503174,0.920300006866455078,-0.559000015258789062,0.846700012683868408
1.82070004940032959,-0.915400028228759766,1.5569000244140625,0.224299997091293335,1.28450000286102295,1.03980004787445068,1.98150002956390381,-0.170499995350837708,0.55820000171661377,0.0297999996691942215,0.432799994945526123,2.10209989547729492,0.831300020217895508,-0.939599990844726562,-0.603100001811981201,0.63880002498626709,0.626200020313262939,0.184699997305870056,0.801900029182434082,1.35109996795654297
0.146500006318092346,1.03250002861022949,1.86520004272460938,1.92669999599456787,1.17739999294281006,-0.0559000000357627869,0.439599990844726562,1.48819994926452637,0.199499994516372681,1.05480003356933594,1.62249994277954102,0.0373000018298625946,1.05830001831054688,0.525799989700317383,-0.206400007009506226,-1.97459995746612549,0.0487999990582466125,1.8553999662399292,1.13849997520446777,-1.1754000186920166
-0.502600014209747314,-0.466300010681152344,0.810000002384185791,1.28620004653930664,1.95399999618530273,-1.70439994335174561,0.364199995994567871,1.82299995422363281,1.40559995174407959,0.822499990463256836,0.688099980354309082,-0.396600008010864258,-0.260699987411499023,-0.190999999642372131,1.1064000129699707,0.151700004935264587,1.26320004463195801,0.088200002908706665,-0.110200002789497375,1.23310005664825439
-0.610099971294403076,0.0693999975919723511,-2.00539994239807129,-0.668399989604949951,-0.379099994897842407,-0.39440000057220459,-0.82639998197555542,-0.312799990177154541,-0.681699991226196289,-1.28110003471374512,-0.909200012683868408,-2.76419997215270996,-0.914900004863739014,-0.0478000007569789886,0.414600014686584473,0.996399998664855957,-2.45790004730224609,-0.0322000011801719666,-0.0304000005125999451,-0.01119999960064888
-0.25060001015663147,1.88209998607635498,-0.692700028419494629,-0.361200004816055298,0.106200002133846283,1.87170004844665527,1.2444000244140625,0.497099995613098145,-1.24080002307891846,0.053500000387430191,0.385300010442733765,0.603200018405914307,1.05910003185272217,0.359200000762939453,-0.0178999993950128555,-1.36329996585845947,1.04139995574951172,-1.26170003414154053,0.577799975872039795,-0.0513999983668327332
-1.93480002880096436,-0.321599990129470825,-0.684400022029876709,-0.360900014638900757,-0.0474999994039535522,-0.537899971008300781,0.714399993419647217,1.13730001449584961,0.330799996852874756,-0.861599981784820557,0.602299988269805908,-1.11160004138946533,0.20520000159740448,-0.942700028419494629,-0.639199972152709961,-0.10130000114440918,0.0307999998331069946,-0.463499993085861206,-1.30169999599456787,-0.0674000009894371033
-1.72070002555847168,1.48169994354248047,-0.516399979591369629,-0.617299973964691162,-1.19749999046325684,1.52859997749328613,0.0668999999761581421,-1.16419994831085205,-0.617799997329711914,-0.233799993991851807,-0.0239000003784894943,-0.897499978542327881,-0.181999996304512024,0.240799993276596069,-0.686900019645690918,-0.791100025177001953,2.43129992485046387,0.401600003242492676,-2.60560011863708496,0.662899971008300781
0.525099992752075195,-0.89999997615814209,-0.228200003504753113,1.48950004577636719,-0.738699972629547119,-1.43680000305175781,-0.389299988746643066,-0.38820001482963562,-0.213799998164176941,-1.14499998092651367,-2.29029989242553711,-0.48550000786781311,0.164900004863739014,1.24109995365142822,-1.21500003337860107,-1.9375,-0.246999993920326233,0.804000020027160645,1.11419999599456787,0.920700013637542725
0.56400001049041748,0.00529999984428286552,-0.831099987030029297,1.50030004978179932,0.10130000114440918,0.197899997234344482,-1.12049996852874756,-0.132499992847442627,0.196400001645088196,1.55139994621276855,1.98660004138946533,1.25670003890991211,0.357400000095367432,1.13660001754760742,0.785499989986419678,0.38760000467300415,1.03450000286102295,0.49169999361038208,0.407999992370605469,1.34119999408721924
1.11310005187988281,0.897499978542327881,0.207599997520446777,0.531400024890899658,2.49449992179870605,0.585600018501281738,0.233799993991851807,1.33550000190734863,-0.177599996328353882,0.867200016975402832,-1.13919997215270996,-1.04330003261566162,1.40299999713897705,1.97730004787445068,-0.343800008296966553,-0.302700012922286987,1.99479997158050537,-0.811399996280670166,2.02110004425048828,0.94450002908706665
-1.45749998092651367,0.588299989700317383,-1.75590002536773682,-0.116099998354911804,-0.404399991035461426,1.17100000381469727,0.0522000007331371307,-0.0491999983787536621,0.549099981784820557,0.229699999094009399,-0.0970000028610229492,-0.982500016689300537,-0.533100008964538574,-2.26489996910095215,-1.0745999813079834,-0.631699979305267334,-1.40040004253387451,-0.666999995708465576,-1.5185999870300293,-0.775399982929229736
0.271200001239776611,-1.10280001163482666,-1.06860005855560303,0.888199985027313232,0.127299994230270386,-0.483300000429153442,-0.549600005149841309,0.236900001764297485,0.798099994659423828,-0.460000008344650269,-0.0842999964952468872,-1.3432999849319458,0.0181000009179115295,-2.01399993896484375,0.457100003957748413,-0.00899999961256980896,-0.763499975204467773,-0.373600006103515625,-0.749300003051757812,-1.59590005874633789
-0.703000009059906006,1.19609999656677246,1.02160000801086426,1.06040000915527344,1.02890002727508545,-0.542699992656707764,-0.238499999046325684,-0.146200001239776611,1.61619997024536133,-0.342200011014938354,0.271299988031387329,0.652800023555755615,2.30100011825561523,-0.962100028991699219,-1.45220005512237549,2.43470001220703125,0.760599970817565918,-0.522599995136260986,-0.673200011253356934,0.169599995017051697
-0.0533000007271766663,0.916499972343444824,-0.535399973392486572,0.672599971294403076,-0.884400010108947754,0.728999972343444824,0.260199993848800659,-0.733900010585784912,0.337599992752075195,0.72350001335144043,0.982999980449676514,-0.530300021171569824,0.603500008583068848,-0.110799998044967651,1.92869997024536133,-0.513000011444091797,0.357499986886978149,0.22229999303817749,-1.20799994468688965,-0.791499972343444824
-0.751900017261505127,0.292100012302398682,0.196400001645088196,0.50709998607635498,-1.05260002613067627,-0.527899980545043945,0.94029998779296875,-0.746200025081634521,0.0617000013589859009,1.18120002746582031,-0.465799987316131592,1.64530003070831299,1.98070001602172852,2.83590006828308105,0.0692000016570091248,-0.948400020599365234,0.33899998664855957,1.03760004043579102,-0.728799998760223389,1.75870001316070557
1.80359995365142822,1.07149994373321533,-0.641200006008148193,-0.446099996566772461,0.771899998188018799,0.444299995899200439,-1.33239996433258057,1.39989995956420898,1.62320005893707275,-0.0921000018715858459,-0.280000001192092896,-0.465799987316131592,1.54369997978210449,0.350199997425079346,0.104800000786781311,0.496499985456466675,-0.721099972724914551,1.1129000186920166,0.563700020313262939,-0.382800012826919556
